percent,river,site,time,carbohydrate
0.34003400340034,GRG,AM,T07,Glucuronic.acid
2.77972202779722,GRG,AM,T07,Glucuronic.acid
3.77,GRG,AM,T07,Glucuronic.acid
2.28,GRG,AM,T07,Glucuronic.acid
1.92980701929807,GRG,AM,T14,Glucuronic.acid
1.13011301130113,GRG,AM,T14,Glucuronic.acid
4.3004300430043,GRG,AM,T14,Glucuronic.acid
5.64,GRG,AM,T14,Glucuronic.acid
0.97,GRG,AM,T21,Glucuronic.acid
4.94,GRG,AM,T21,Glucuronic.acid
1.53,GRG,AM,T21,Glucuronic.acid
0.87008700870087,GRG,AM,T21,Glucuronic.acid
1.07010701070107,GRG,AV,T07,Glucuronic.acid
0.350070014002801,GRG,AV,T07,Glucuronic.acid
0.32,GRG,AV,T07,Glucuronic.acid
0.99,GRG,AV,T07,Glucuronic.acid
0.0999900009999,GRG,AV,T14,Glucuronic.acid
0.09,GRG,AV,T14,Glucuronic.acid
0.16,GRG,AV,T14,Glucuronic.acid
1.01,GRG,AV,T21,Glucuronic.acid
2.10978902109789,GRG,AV,T21,Glucuronic.acid
0.51994800519948,GRG,AV,T21,Glucuronic.acid
1.34026805361072,GRG,AV,T21,Glucuronic.acid
5.95,RCA,AM,T07,Glucuronic.acid
2.97970202979702,RCA,AM,T07,Glucuronic.acid
4.10958904109589,RCA,AM,T07,Glucuronic.acid
2.44,RCA,AM,T07,Glucuronic.acid
6.69,RCA,AM,T14,Glucuronic.acid
4.46,RCA,AM,T14,Glucuronic.acid
4.47044704470447,RCA,AM,T14,Glucuronic.acid
1.87,RCA,AM,T14,Glucuronic.acid
4.93,RCA,AM,T21,Glucuronic.acid
7.04070407040704,RCA,AM,T21,Glucuronic.acid
6.83,RCA,AM,T21,Glucuronic.acid
2.46,RCA,AM,T21,Glucuronic.acid
2.17,RCA,AV,T07,Glucuronic.acid
0.56994300569943,RCA,AV,T07,Glucuronic.acid
0.73007300730073,RCA,AV,T07,Glucuronic.acid
0.86008600860086,RCA,AV,T07,Glucuronic.acid
0.870174034806961,RCA,AV,T14,Glucuronic.acid
0.19,RCA,AV,T14,Glucuronic.acid
0.36003600360036,RCA,AV,T14,Glucuronic.acid
0.99,RCA,AV,T21,Glucuronic.acid
0.380076015203041,RCA,AV,T21,Glucuronic.acid
1.7003400680136,RCA,AV,T21,Glucuronic.acid
1.17023404680936,RCA,AV,T21,Glucuronic.acid
3.50964903509649,RCAR,AM,T07,Glucuronic.acid
3.8003800380038,RCAR,AM,T07,Glucuronic.acid
1.18,RCAR,AM,T07,Glucuronic.acid
2.73027302730273,RCAR,AM,T07,Glucuronic.acid
2.31976802319768,RCAR,AM,T14,Glucuronic.acid
0.3999600039996,RCAR,AM,T14,Glucuronic.acid
7.36,RCAR,AM,T14,Glucuronic.acid
0.58,RCAR,AM,T21,Glucuronic.acid
1.41014101410141,RCAR,AM,T21,Glucuronic.acid
6.37936206379362,RCAR,AM,T21,Glucuronic.acid
2.000200020002,RCAR,AM,T21,Glucuronic.acid
0.05,RCAR,AV,T07,Glucuronic.acid
2.20955808838232,RCAR,AV,T07,Glucuronic.acid
0.66993300669933,RCAR,AV,T07,Glucuronic.acid
0.29005801160232,RCAR,AV,T07,Glucuronic.acid
0.64,RCAR,AV,T14,Glucuronic.acid
1.07,RCAR,AV,T14,Glucuronic.acid
2.54025402540254,RCAR,AV,T14,Glucuronic.acid
0.779844031193761,RCAR,AV,T14,Glucuronic.acid
0.78992100789921,RCAR,AV,T21,Glucuronic.acid
1.4,RCAR,AV,T21,Glucuronic.acid
1.85018501850185,RCAR,AV,T21,Glucuronic.acid
1.47014701470147,RCAR,AV,T21,Glucuronic.acid
2.6,RGA,AM,T07,Glucuronic.acid
2.9,RGA,AM,T07,Glucuronic.acid
2.14021402140214,RGA,AM,T07,Glucuronic.acid
2.99,RGA,AM,T14,Glucuronic.acid
2.08,RGA,AM,T14,Glucuronic.acid
3.96,RGA,AM,T14,Glucuronic.acid
2.03,RGA,AM,T14,Glucuronic.acid
3.62963703629637,RGA,AM,T21,Glucuronic.acid
1.78017801780178,RGA,AM,T21,Glucuronic.acid
3.94039403940394,RGA,AM,T21,Glucuronic.acid
2.95970402959704,RGA,AM,T21,Glucuronic.acid
1.55968806238752,RGA,AV,T07,Glucuronic.acid
3.77962203779622,RGA,AV,T07,Glucuronic.acid
0.45004500450045,RGA,AV,T07,Glucuronic.acid
0.90990900909909,RGA,AV,T14,Glucuronic.acid
2.61973802619738,RGA,AV,T14,Glucuronic.acid
7.25072507250725,RGA,AV,T14,Glucuronic.acid
2.11,RGA,AV,T14,Glucuronic.acid
1.10988901109889,RGA,AV,T21,Glucuronic.acid
1.33013301330133,RGA,AV,T21,Glucuronic.acid
0.64,RGA,AV,T21,Glucuronic.acid
0.379924015196961,RGA,AV,T21,Glucuronic.acid
1.05989401059894,RMO,AM,T07,Glucuronic.acid
0.45004500450045,RMO,AM,T07,Glucuronic.acid
0.999800039992002,RMO,AM,T07,Glucuronic.acid
0.46004600460046,RMO,AM,T07,Glucuronic.acid
0.1,RMO,AM,T14,Glucuronic.acid
0.14,RMO,AM,T14,Glucuronic.acid
0.07999200079992,RMO,AM,T14,Glucuronic.acid
0.04999500049995,RMO,AM,T14,Glucuronic.acid
0.33003300330033,RMO,AM,T21,Glucuronic.acid
0.70992900709929,RMO,AM,T21,Glucuronic.acid
0.87,RMO,AM,T21,Glucuronic.acid
0.24002400240024,RMO,AM,T21,Glucuronic.acid
0.42995700429957,RMO,AV,T07,Glucuronic.acid
0.97,RMO,AV,T07,Glucuronic.acid
2.63,RMO,AV,T07,Glucuronic.acid
0.28,RMO,AV,T14,Glucuronic.acid
0.69006900690069,RMO,AV,T14,Glucuronic.acid
0.18,RMO,AV,T14,Glucuronic.acid
0.04000400040004,RMO,AV,T14,Glucuronic.acid
0.44,RMO,AV,T21,Glucuronic.acid
0.63993600639936,RMO,AV,T21,Glucuronic.acid
1.32,RMO,AV,T21,Glucuronic.acid
0.42,RMO,AV,T21,Glucuronic.acid
0.35,RPE,AM,T07,Glucuronic.acid
2.26,RPE,AM,T07,Glucuronic.acid
2.55,RPE,AM,T07,Glucuronic.acid
1.92,RPE,AM,T07,Glucuronic.acid
2.75972402759724,RPE,AM,T14,Glucuronic.acid
1.28,RPE,AM,T14,Glucuronic.acid
4.13041304130413,RPE,AM,T21,Glucuronic.acid
1.34,RPE,AM,T21,Glucuronic.acid
2.16,RPE,AM,T21,Glucuronic.acid
0.66,RPE,AV,T07,Glucuronic.acid
0.76007600760076,RPE,AV,T07,Glucuronic.acid
2.72,RPE,AV,T07,Glucuronic.acid
0.64993500649935,RPE,AV,T14,Glucuronic.acid
0.22,RPE,AV,T14,Glucuronic.acid
0.37,RPE,AV,T14,Glucuronic.acid
0.72,RPE,AV,T14,Glucuronic.acid
7.77077707770777,GRG,AM,T07,Fucose
5.46945305469453,GRG,AM,T07,Fucose
7.38,GRG,AM,T07,Fucose
12.61,GRG,AM,T07,Fucose
1.83981601839816,GRG,AM,T14,Fucose
12.1712171217122,GRG,AM,T14,Fucose
4.28042804280428,GRG,AM,T14,Fucose
3.66,GRG,AM,T14,Fucose
10.2,GRG,AM,T21,Fucose
4.12,GRG,AM,T21,Fucose
8.23,GRG,AM,T21,Fucose
6.49064906490649,GRG,AM,T21,Fucose
2.000200020002,GRG,AV,T07,Fucose
3.09061812362472,GRG,AV,T07,Fucose
4.66,GRG,AV,T07,Fucose
0.79,GRG,AV,T07,Fucose
0.23997600239976,GRG,AV,T14,Fucose
0.15,GRG,AV,T14,Fucose
0.29,GRG,AV,T14,Fucose
0.65,GRG,AV,T21,Fucose
3.46965303469653,GRG,AV,T21,Fucose
0.73992600739926,GRG,AV,T21,Fucose
3.63072614522905,GRG,AV,T21,Fucose
0.19,RCA,AM,T07,Fucose
5.34946505349465,RCA,AM,T07,Fucose
3.73962603739626,RCA,AM,T07,Fucose
5.38,RCA,AM,T07,Fucose
0.95,RCA,AM,T14,Fucose
2.2,RCA,AM,T14,Fucose
5.66056605660566,RCA,AM,T14,Fucose
1.44,RCA,AM,T14,Fucose
3.54,RCA,AM,T21,Fucose
1.37013701370137,RCA,AM,T21,Fucose
2.56,RCA,AM,T21,Fucose
3.31,RCA,AM,T21,Fucose
0.44,RCA,AV,T07,Fucose
1.97980201979802,RCA,AV,T07,Fucose
0.34003400340034,RCA,AV,T07,Fucose
0.87008700870087,RCA,AV,T07,Fucose
1.71034206841368,RCA,AV,T14,Fucose
0.65,RCA,AV,T14,Fucose
0.1000100010001,RCA,AV,T14,Fucose
1.12,RCA,AV,T21,Fucose
1.3002600520104,RCA,AV,T21,Fucose
0.920184036807361,RCA,AV,T21,Fucose
0.640128025605121,RCA,AV,T21,Fucose
0.25997400259974,RCAR,AM,T07,Fucose
3.79037903790379,RCAR,AM,T07,Fucose
2.33,RCAR,AM,T07,Fucose
1.25012501250125,RCAR,AM,T07,Fucose
0.35996400359964,RCAR,AM,T14,Fucose
2.84971502849715,RCAR,AM,T14,Fucose
8.18,RCAR,AM,T14,Fucose
0.98,RCAR,AM,T21,Fucose
0.3000300030003,RCAR,AM,T21,Fucose
0.91990800919908,RCAR,AM,T21,Fucose
0.9000900090009,RCAR,AM,T21,Fucose
1.44,RCAR,AV,T07,Fucose
12.5574885022995,RCAR,AV,T07,Fucose
4.67953204679532,RCAR,AV,T07,Fucose
0.01000200040008,RCAR,AV,T07,Fucose
0.46,RCAR,AV,T14,Fucose
0.25,RCAR,AV,T14,Fucose
5.66056605660566,RCAR,AV,T14,Fucose
0.429914017196561,RCAR,AV,T14,Fucose
0.65993400659934,RCAR,AV,T21,Fucose
0.62,RCAR,AV,T21,Fucose
0.63006300630063,RCAR,AV,T21,Fucose
0.23002300230023,RCAR,AV,T21,Fucose
2.87,RGA,AM,T07,Fucose
2.86,RGA,AM,T07,Fucose
6.65066506650665,RGA,AM,T07,Fucose
1.45,RGA,AM,T14,Fucose
7.36,RGA,AM,T14,Fucose
6.29,RGA,AM,T14,Fucose
3.57,RGA,AM,T14,Fucose
3.26967303269673,RGA,AM,T21,Fucose
6.32063206320632,RGA,AM,T21,Fucose
3.23032303230323,RGA,AM,T21,Fucose
2.80971902809719,RGA,AM,T21,Fucose
0.1499700059988,RGA,AV,T07,Fucose
2.06979302069793,RGA,AV,T07,Fucose
2.32023202320232,RGA,AV,T07,Fucose
4.33956604339566,RGA,AV,T14,Fucose
7.26927307269273,RGA,AV,T14,Fucose
7.06070607060706,RGA,AV,T14,Fucose
6.21,RGA,AV,T14,Fucose
1.85981401859814,RGA,AV,T21,Fucose
0.88008800880088,RGA,AV,T21,Fucose
3.31,RGA,AV,T21,Fucose
4.39912017596481,RGA,AV,T21,Fucose
0.26997300269973,RMO,AM,T07,Fucose
1.92019201920192,RMO,AM,T07,Fucose
1.93961207758448,RMO,AM,T07,Fucose
1.54015401540154,RMO,AM,T07,Fucose
0.25,RMO,AM,T14,Fucose
0.07,RMO,AM,T14,Fucose
0.47995200479952,RMO,AM,T14,Fucose
0.34996500349965,RMO,AM,T14,Fucose
1.02010201020102,RMO,AM,T21,Fucose
3.13968603139686,RMO,AM,T21,Fucose
0.25,RMO,AM,T21,Fucose
0.11001100110011,RMO,AM,T21,Fucose
2.06979302069793,RMO,AV,T07,Fucose
6.68,RMO,AV,T07,Fucose
4.02,RMO,AV,T07,Fucose
0.09,RMO,AV,T14,Fucose
1.2001200120012,RMO,AV,T14,Fucose
1.19,RMO,AV,T14,Fucose
1.46014601460146,RMO,AV,T14,Fucose
2.73,RMO,AV,T21,Fucose
2.26977302269773,RMO,AV,T21,Fucose
1.92,RMO,AV,T21,Fucose
3.5,RMO,AV,T21,Fucose
0.92,RPE,AM,T07,Fucose
7.05,RPE,AM,T07,Fucose
3.53,RPE,AM,T07,Fucose
2.03,RPE,AM,T07,Fucose
0.75992400759924,RPE,AM,T14,Fucose
1.57,RPE,AM,T14,Fucose
1.49014901490149,RPE,AM,T21,Fucose
0.52,RPE,AM,T21,Fucose
0.27,RPE,AM,T21,Fucose
0.41,RPE,AV,T07,Fucose
0.8000800080008,RPE,AV,T07,Fucose
0.49,RPE,AV,T07,Fucose
0.11998800119988,RPE,AV,T14,Fucose
0.12,RPE,AV,T14,Fucose
1.91,RPE,AV,T14,Fucose
0.13,RPE,AV,T14,Fucose
6.35063506350635,GRG,AM,T07,Galactose
13.8086191380862,GRG,AM,T07,Galactose
11.29,GRG,AM,T07,Galactose
8.68,GRG,AM,T07,Galactose
3.94960503949605,GRG,AM,T14,Galactose
5.34053405340534,GRG,AM,T14,Galactose
5.67056705670567,GRG,AM,T14,Galactose
8.31,GRG,AM,T14,Galactose
11.24,GRG,AM,T21,Galactose
1.18,GRG,AM,T21,Galactose
6.47,GRG,AM,T21,Galactose
12.3612361236124,GRG,AM,T21,Galactose
6.65066506650665,GRG,AV,T07,Galactose
2.78055611122224,GRG,AV,T07,Galactose
4.72,GRG,AV,T07,Galactose
4.47,GRG,AV,T07,Galactose
0.96990300969903,GRG,AV,T14,Galactose
1,GRG,AV,T14,Galactose
1.89,GRG,AV,T14,Galactose
7.7,GRG,AV,T21,Galactose
4.54954504549545,GRG,AV,T21,Galactose
5.88941105889411,GRG,AV,T21,Galactose
5.92118423684737,GRG,AV,T21,Galactose
4.74,RCA,AM,T07,Galactose
9.74902509749025,RCA,AM,T07,Galactose
6.97930206979302,RCA,AM,T07,Galactose
4.99,RCA,AM,T07,Galactose
7.83,RCA,AM,T14,Galactose
8.15,RCA,AM,T14,Galactose
3.98039803980398,RCA,AM,T14,Galactose
10.62,RCA,AM,T14,Galactose
13.33,RCA,AM,T21,Galactose
14.0514051405141,RCA,AM,T21,Galactose
8.25,RCA,AM,T21,Galactose
13.95,RCA,AM,T21,Galactose
2.62,RCA,AV,T07,Galactose
4.91950804919508,RCA,AV,T07,Galactose
2.74027402740274,RCA,AV,T07,Galactose
1.84018401840184,RCA,AV,T07,Galactose
8.39167833566713,RCA,AV,T14,Galactose
2.19,RCA,AV,T14,Galactose
0.65006500650065,RCA,AV,T14,Galactose
3.86,RCA,AV,T21,Galactose
6.49129825965193,RCA,AV,T21,Galactose
6.98139627925585,RCA,AV,T21,Galactose
7.71154230846169,RCA,AV,T21,Galactose
12.7887211278872,RCAR,AM,T07,Galactose
5.14051405140514,RCAR,AM,T07,Galactose
6.38,RCAR,AM,T07,Galactose
4.07040704070407,RCAR,AM,T07,Galactose
2.60973902609739,RCAR,AM,T14,Galactose
7.72922707729227,RCAR,AM,T14,Galactose
4.3,RCAR,AM,T14,Galactose
2.91,RCAR,AM,T21,Galactose
6.34063406340634,RCAR,AM,T21,Galactose
6.90930906909309,RCAR,AM,T21,Galactose
2.91029102910291,RCAR,AM,T21,Galactose
3.38,RCAR,AV,T07,Galactose
5.32893421315737,RCAR,AV,T07,Galactose
3.26967303269673,RCAR,AV,T07,Galactose
5.29105821164233,RCAR,AV,T07,Galactose
5.35,RCAR,AV,T14,Galactose
4.65,RCAR,AV,T14,Galactose
11.2511251125113,RCAR,AV,T14,Galactose
7.45850829834033,RCAR,AV,T14,Galactose
6.42935706429357,RCAR,AV,T21,Galactose
4.68,RCAR,AV,T21,Galactose
5.93059305930593,RCAR,AV,T21,Galactose
5.13051305130513,RCAR,AV,T21,Galactose
3.53,RGA,AM,T07,Galactose
12.18,RGA,AM,T07,Galactose
8.15081508150815,RGA,AM,T07,Galactose
3.87,RGA,AM,T14,Galactose
3.19,RGA,AM,T14,Galactose
6.5,RGA,AM,T14,Galactose
4.97,RGA,AM,T14,Galactose
7.10928907109289,RGA,AM,T21,Galactose
8.95089508950895,RGA,AM,T21,Galactose
7.1007100710071,RGA,AM,T21,Galactose
6.30936906309369,RGA,AM,T21,Galactose
4.24915016996601,RGA,AV,T07,Galactose
3.44965503449655,RGA,AV,T07,Galactose
2.74027402740274,RGA,AV,T07,Galactose
11.6388361163884,RGA,AV,T14,Galactose
5.12948705129487,RGA,AV,T14,Galactose
10.7110711071107,RGA,AV,T14,Galactose
13.57,RGA,AV,T14,Galactose
5.26947305269473,RGA,AV,T21,Galactose
5.69056905690569,RGA,AV,T21,Galactose
5.74,RGA,AV,T21,Galactose
4.24915016996601,RGA,AV,T21,Galactose
9.76902309769023,RMO,AM,T07,Galactose
9.08090809080908,RMO,AM,T07,Galactose
4.79904019196161,RMO,AM,T07,Galactose
7.05070507050705,RMO,AM,T07,Galactose
2.37,RMO,AM,T14,Galactose
2.32,RMO,AM,T14,Galactose
1.6998300169983,RMO,AM,T14,Galactose
1.75982401759824,RMO,AM,T14,Galactose
5.18051805180518,RMO,AM,T21,Galactose
5.24947505249475,RMO,AM,T21,Galactose
1.89,RMO,AM,T21,Galactose
3.88038803880388,RMO,AM,T21,Galactose
7.60923907609239,RMO,AV,T07,Galactose
3.77,RMO,AV,T07,Galactose
6.81,RMO,AV,T07,Galactose
2.68,RMO,AV,T14,Galactose
5.41054105410541,RMO,AV,T14,Galactose
4.75,RMO,AV,T14,Galactose
1.83018301830183,RMO,AV,T14,Galactose
7.15,RMO,AV,T21,Galactose
4.11958804119588,RMO,AV,T21,Galactose
15.89,RMO,AV,T21,Galactose
13.46,RMO,AV,T21,Galactose
3.12,RPE,AM,T07,Galactose
4.68,RPE,AM,T07,Galactose
5.23,RPE,AM,T07,Galactose
3.01,RPE,AM,T07,Galactose
4.26957304269573,RPE,AM,T14,Galactose
3.64,RPE,AM,T14,Galactose
5.56055605560556,RPE,AM,T21,Galactose
3.29,RPE,AM,T21,Galactose
1.74,RPE,AM,T21,Galactose
5.51,RPE,AV,T07,Galactose
5.06050605060506,RPE,AV,T07,Galactose
3.41,RPE,AV,T07,Galactose
4.0995900409959,RPE,AV,T14,Galactose
3.44,RPE,AV,T14,Galactose
3.62,RPE,AV,T14,Galactose
2.95,RPE,AV,T14,Galactose
15.3315331533153,GRG,AM,T07,Mannose
24.6575342465753,GRG,AM,T07,Mannose
22.99,GRG,AM,T07,Mannose
23.75,GRG,AM,T07,Mannose
18.4081591840816,GRG,AM,T14,Mannose
10.2710271027103,GRG,AM,T14,Mannose
27.012701270127,GRG,AM,T14,Mannose
18.02,GRG,AM,T14,Mannose
11.47,GRG,AM,T21,Mannose
24.37,GRG,AM,T21,Mannose
19.16,GRG,AM,T21,Mannose
19.0619061906191,GRG,AM,T21,Mannose
12.2212221222122,GRG,AV,T07,Mannose
11.1922384476895,GRG,AV,T07,Mannose
9.66,GRG,AV,T07,Mannose
13.21,GRG,AV,T07,Mannose
3.54964503549645,GRG,AV,T14,Mannose
3.99,GRG,AV,T14,Mannose
4.03,GRG,AV,T14,Mannose
12.11,GRG,AV,T21,Mannose
13.0986901309869,GRG,AV,T21,Mannose
9.7990200979902,GRG,AV,T21,Mannose
9.87197439487897,GRG,AV,T21,Mannose
50.07,RCA,AM,T07,Mannose
30.7569243075692,RCA,AM,T07,Mannose
19.1380861913809,RCA,AM,T07,Mannose
13.22,RCA,AM,T07,Mannose
28.27,RCA,AM,T14,Mannose
21.45,RCA,AM,T14,Mannose
20.6220622062206,RCA,AM,T14,Mannose
21.94,RCA,AM,T14,Mannose
22.47,RCA,AM,T21,Mannose
24.0824082408241,RCA,AM,T21,Mannose
23.87,RCA,AM,T21,Mannose
22.12,RCA,AM,T21,Mannose
9.2,RCA,AV,T07,Mannose
4.96950304969503,RCA,AV,T07,Mannose
4.35043504350435,RCA,AV,T07,Mannose
2.81028102810281,RCA,AV,T07,Mannose
8.66173234646929,RCA,AV,T14,Mannose
3.89,RCA,AV,T14,Mannose
2.29022902290229,RCA,AV,T14,Mannose
10.24,RCA,AV,T21,Mannose
6.42128425685137,RCA,AV,T21,Mannose
13.6127225445089,RCA,AV,T21,Mannose
7.12142428485697,RCA,AV,T21,Mannose
36.956304369563,RCAR,AM,T07,Mannose
7.12071207120712,RCAR,AM,T07,Mannose
9.73,RCAR,AM,T07,Mannose
15.021502150215,RCAR,AM,T07,Mannose
11.008899110089,RCAR,AM,T14,Mannose
4.40955904409559,RCAR,AM,T14,Mannose
7.77,RCAR,AM,T14,Mannose
3.14,RCAR,AM,T21,Mannose
7.22072207220722,RCAR,AM,T21,Mannose
16.6083391660834,RCAR,AM,T21,Mannose
7.69076907690769,RCAR,AM,T21,Mannose
12.78,RCAR,AV,T07,Mannose
21.4657068586283,RCAR,AV,T07,Mannose
8.05919408059194,RCAR,AV,T07,Mannose
15.4430886177235,RCAR,AV,T07,Mannose
10.84,RCAR,AV,T14,Mannose
9.78,RCAR,AV,T14,Mannose
10.7910791079108,RCAR,AV,T14,Mannose
8.74825034993001,RCAR,AV,T14,Mannose
10.1889811018898,RCAR,AV,T21,Mannose
6.8,RCAR,AV,T21,Mannose
6.19061906190619,RCAR,AV,T21,Mannose
4.65046504650465,RCAR,AV,T21,Mannose
30,RGA,AM,T07,Mannose
17.96,RGA,AM,T07,Mannose
19.7319731973197,RGA,AM,T07,Mannose
22.17,RGA,AM,T14,Mannose
10.1,RGA,AM,T14,Mannose
28.1,RGA,AM,T14,Mannose
18.02,RGA,AM,T14,Mannose
28.007199280072,RGA,AM,T21,Mannose
10.4710471047105,RGA,AM,T21,Mannose
19.6119611961196,RGA,AM,T21,Mannose
24.8275172482752,RGA,AM,T21,Mannose
20.7658468306339,RGA,AV,T07,Mannose
20.4979502049795,RGA,AV,T07,Mannose
11.1711171117112,RGA,AV,T07,Mannose
16.9083091690831,RGA,AV,T14,Mannose
28.0771922807719,RGA,AV,T14,Mannose
35.5635563556356,RGA,AV,T14,Mannose
31.19,RGA,AV,T14,Mannose
9.67903209679032,RGA,AV,T21,Mannose
13.3013301330133,RGA,AV,T21,Mannose
5.36,RGA,AV,T21,Mannose
10.5478904219156,RGA,AV,T21,Mannose
14.4685531446855,RMO,AM,T07,Mannose
13.7813781378138,RMO,AM,T07,Mannose
16.5566886622675,RMO,AM,T07,Mannose
11.3811381138114,RMO,AM,T07,Mannose
3.36,RMO,AM,T14,Mannose
8.2,RMO,AM,T14,Mannose
6.28937106289371,RMO,AM,T14,Mannose
7.46925307469253,RMO,AM,T14,Mannose
6.68066806680668,RMO,AM,T21,Mannose
10.4289571042896,RMO,AM,T21,Mannose
10.23,RMO,AM,T21,Mannose
6.58065806580658,RMO,AM,T21,Mannose
13.6386361363864,RMO,AV,T07,Mannose
33.22,RMO,AV,T07,Mannose
16.45,RMO,AV,T07,Mannose
4.77,RMO,AV,T14,Mannose
10.04100410041,RMO,AV,T14,Mannose
8.69,RMO,AV,T14,Mannose
8.14081408140814,RMO,AV,T14,Mannose
10.97,RMO,AV,T21,Mannose
9.26907309269073,RMO,AV,T21,Mannose
9.55,RMO,AV,T21,Mannose
12.32,RMO,AV,T21,Mannose
10.18,RPE,AM,T07,Mannose
18.28,RPE,AM,T07,Mannose
11.31,RPE,AM,T07,Mannose
17.27,RPE,AM,T07,Mannose
25.4474552544746,RPE,AM,T14,Mannose
18.88,RPE,AM,T14,Mannose
16.6016601660166,RPE,AM,T21,Mannose
4.53,RPE,AM,T21,Mannose
9.09,RPE,AM,T21,Mannose
6.27,RPE,AV,T07,Mannose
9.84098409840984,RPE,AV,T07,Mannose
4.98,RPE,AV,T07,Mannose
4.95950404959504,RPE,AV,T14,Mannose
7.75,RPE,AV,T14,Mannose
5.57,RPE,AV,T14,Mannose
4.25,RPE,AV,T14,Mannose
0.42004200420042,GRG,AM,T07,Myo.inositol
18.1281871812819,GRG,AM,T07,Myo.inositol
1.63,GRG,AM,T07,Myo.inositol
1.07,GRG,AM,T07,Myo.inositol
1.50984901509849,GRG,AM,T14,Myo.inositol
1.72017201720172,GRG,AM,T14,Myo.inositol
1.87018701870187,GRG,AM,T14,Myo.inositol
0.22,GRG,AM,T14,Myo.inositol
0.86,GRG,AM,T21,Myo.inositol
9.19,GRG,AM,T21,Myo.inositol
1.54,GRG,AM,T21,Myo.inositol
0.35003500350035,GRG,AM,T21,Myo.inositol
5.61056105610561,GRG,AV,T07,Myo.inositol
26.1052210442088,GRG,AV,T07,Myo.inositol
21.13,GRG,AV,T07,Myo.inositol
21.4,GRG,AV,T07,Myo.inositol
1.91980801919808,GRG,AV,T14,Myo.inositol
13.25,GRG,AV,T14,Myo.inositol
3.66,GRG,AV,T14,Myo.inositol
24.99,GRG,AV,T21,Myo.inositol
17.6382361763824,GRG,AV,T21,Myo.inositol
19.1780821917808,GRG,AV,T21,Myo.inositol
12.8425685137027,GRG,AV,T21,Myo.inositol
0.17,RCA,AM,T07,Myo.inositol
0.17998200179982,RCA,AM,T07,Myo.inositol
0.76992300769923,RCA,AM,T07,Myo.inositol
0.78,RCA,AM,T07,Myo.inositol
0.36,RCA,AM,T14,Myo.inositol
1.14,RCA,AM,T14,Myo.inositol
0.76007600760076,RCA,AM,T14,Myo.inositol
0.03,RCA,AM,T14,Myo.inositol
2.93,RCA,AM,T21,Myo.inositol
3.91039103910391,RCA,AM,T21,Myo.inositol
1.55,RCA,AM,T21,Myo.inositol
1.01,RCA,AM,T21,Myo.inositol
1.05,RCA,AV,T07,Myo.inositol
7.31926807319268,RCA,AV,T07,Myo.inositol
2.03020302030203,RCA,AV,T07,Myo.inositol
2.47024702470247,RCA,AV,T07,Myo.inositol
2.68053610722144,RCA,AV,T14,Myo.inositol
2.35,RCA,AV,T14,Myo.inositol
0.1000100010001,RCA,AV,T14,Myo.inositol
2.42,RCA,AV,T21,Myo.inositol
5.66113222644529,RCA,AV,T21,Myo.inositol
9.05181036207242,RCA,AV,T21,Myo.inositol
6.18123624724945,RCA,AV,T21,Myo.inositol
6.73932606739326,RCAR,AM,T07,Myo.inositol
0.49004900490049,RCAR,AM,T07,Myo.inositol
0.08,RCAR,AM,T07,Myo.inositol
2.34023402340234,RCAR,AM,T07,Myo.inositol
0.30996900309969,RCAR,AM,T14,Myo.inositol
0.16998300169983,RCAR,AM,T14,Myo.inositol
0.46,RCAR,AM,T14,Myo.inositol
2.46,RCAR,AM,T21,Myo.inositol
4.01040104010401,RCAR,AM,T21,Myo.inositol
1.98980101989801,RCAR,AM,T21,Myo.inositol
16.7116711671167,RCAR,AM,T21,Myo.inositol
3.84,RCAR,AV,T07,Myo.inositol
26.994601079784,RCAR,AV,T07,Myo.inositol
4.61953804619538,RCAR,AV,T07,Myo.inositol
15.0230046009202,RCAR,AV,T07,Myo.inositol
3.13,RCAR,AV,T14,Myo.inositol
0.71,RCAR,AV,T14,Myo.inositol
6.71067106710671,RCAR,AV,T14,Myo.inositol
6.25874825034993,RCAR,AV,T14,Myo.inositol
4.17958204179582,RCAR,AV,T21,Myo.inositol
12.22,RCAR,AV,T21,Myo.inositol
6.02060206020602,RCAR,AV,T21,Myo.inositol
7.57075707570757,RCAR,AV,T21,Myo.inositol
0.93,RGA,AM,T07,Myo.inositol
0.77,RGA,AM,T07,Myo.inositol
0.1000100010001,RGA,AM,T07,Myo.inositol
0.01,RGA,AM,T14,Myo.inositol
0.35,RGA,AM,T14,Myo.inositol
2.47,RGA,AM,T14,Myo.inositol
0.11,RGA,AM,T14,Myo.inositol
0.25997400259974,RGA,AM,T21,Myo.inositol
1.85018501850185,RGA,AM,T21,Myo.inositol
0.59005900590059,RGA,AM,T21,Myo.inositol
0.40995900409959,RGA,AM,T21,Myo.inositol
0.619876024795041,RGA,AV,T07,Myo.inositol
0.08999100089991,RGA,AV,T07,Myo.inositol
1.81018101810181,RGA,AV,T07,Myo.inositol
6.35936406359364,RGA,AV,T14,Myo.inositol
3.70962903709629,RGA,AV,T14,Myo.inositol
2.11021102110211,RGA,AV,T14,Myo.inositol
1.06,RGA,AV,T14,Myo.inositol
1.2998700129987,RGA,AV,T21,Myo.inositol
1.83018301830183,RGA,AV,T21,Myo.inositol
2.28,RGA,AV,T21,Myo.inositol
3.63927214557089,RGA,AV,T21,Myo.inositol
2.71972802719728,RMO,AM,T07,Myo.inositol
7.07070707070707,RMO,AM,T07,Myo.inositol
7.94841031793641,RMO,AM,T07,Myo.inositol
20.6120612061206,RMO,AM,T07,Myo.inositol
7.6,RMO,AM,T14,Myo.inositol
6.72,RMO,AM,T14,Myo.inositol
5.20947905209479,RMO,AM,T14,Myo.inositol
4.13958604139586,RMO,AM,T14,Myo.inositol
5.1005100510051,RMO,AM,T21,Myo.inositol
14.0685931406859,RMO,AM,T21,Myo.inositol
10.43,RMO,AM,T21,Myo.inositol
13.5613561356136,RMO,AM,T21,Myo.inositol
2.10978902109789,RMO,AV,T07,Myo.inositol
15.87,RMO,AV,T07,Myo.inositol
23.11,RMO,AV,T07,Myo.inositol
3.04,RMO,AV,T14,Myo.inositol
21.4721472147215,RMO,AV,T14,Myo.inositol
6.91,RMO,AV,T14,Myo.inositol
56.4456445644564,RMO,AV,T14,Myo.inositol
18.04,RMO,AV,T21,Myo.inositol
49.0650934906509,RMO,AV,T21,Myo.inositol
12.82,RMO,AV,T21,Myo.inositol
23.58,RMO,AV,T21,Myo.inositol
0.16,RPE,AM,T07,Myo.inositol
0.74,RPE,AM,T07,Myo.inositol
0.16,RPE,AM,T07,Myo.inositol
0.63,RPE,AM,T07,Myo.inositol
0.14998500149985,RPE,AM,T14,Myo.inositol
0.47,RPE,AM,T14,Myo.inositol
0.07000700070007,RPE,AM,T21,Myo.inositol
3.66,RPE,AM,T21,Myo.inositol
0.07,RPE,AM,T21,Myo.inositol
4.04,RPE,AV,T07,Myo.inositol
3.35033503350335,RPE,AV,T07,Myo.inositol
5.38,RPE,AV,T07,Myo.inositol
4.38956104389561,RPE,AV,T14,Myo.inositol
8.05,RPE,AV,T14,Myo.inositol
6.48,RPE,AV,T14,Myo.inositol
4.67,RPE,AV,T14,Myo.inositol
6.93069306930693,GRG,AM,T07,Rhamnose
1.25987401259874,GRG,AM,T07,Rhamnose
3.88,GRG,AM,T07,Rhamnose
3.39,GRG,AM,T07,Rhamnose
0.80991900809919,GRG,AM,T14,Rhamnose
5.76057605760576,GRG,AM,T14,Rhamnose
0.26002600260026,GRG,AM,T14,Rhamnose
1.69,GRG,AM,T14,Rhamnose
5.96,GRG,AM,T21,Rhamnose
0.03,GRG,AM,T21,Rhamnose
3.49,GRG,AM,T21,Rhamnose
3.93039303930393,GRG,AM,T21,Rhamnose
1.6001600160016,GRG,AV,T07,Rhamnose
0.860172034406881,GRG,AV,T07,Rhamnose
1.68,GRG,AV,T07,Rhamnose
1.04,GRG,AV,T07,Rhamnose
0.06999300069993,GRG,AV,T14,Rhamnose
0.17,GRG,AV,T14,Rhamnose
0.08,GRG,AV,T14,Rhamnose
1.14,GRG,AV,T21,Rhamnose
0.5999400059994,GRG,AV,T21,Rhamnose
0.43995600439956,GRG,AV,T21,Rhamnose
0.670134026805361,GRG,AV,T21,Rhamnose
7.11,RCA,AM,T07,Rhamnose
1.50984901509849,RCA,AM,T07,Rhamnose
1.23987601239876,RCA,AM,T07,Rhamnose
0.59,RCA,AM,T07,Rhamnose
1.24,RCA,AM,T14,Rhamnose
1.86,RCA,AM,T14,Rhamnose
2.03020302030203,RCA,AM,T14,Rhamnose
2.22,RCA,AM,T14,Rhamnose
1.99,RCA,AM,T21,Rhamnose
1.62016201620162,RCA,AM,T21,Rhamnose
1,RCA,AM,T21,Rhamnose
1.01,RCA,AM,T21,Rhamnose
0.23,RCA,AV,T07,Rhamnose
0.33996600339966,RCA,AV,T07,Rhamnose
0.56005600560056,RCA,AV,T07,Rhamnose
0.24002400240024,RCA,AV,T07,Rhamnose
0.710142028405681,RCA,AV,T14,Rhamnose
0.11,RCA,AV,T14,Rhamnose
0.15001500150015,RCA,AV,T14,Rhamnose
0.34,RCA,AV,T21,Rhamnose
0.990198039607922,RCA,AV,T21,Rhamnose
0.28005601120224,RCA,AV,T21,Rhamnose
0.21004200840168,RCA,AV,T21,Rhamnose
10.0689931006899,RCAR,AM,T07,Rhamnose
1.99019901990199,RCAR,AM,T07,Rhamnose
0.79,RCAR,AM,T07,Rhamnose
0.58005800580058,RCAR,AM,T07,Rhamnose
0.10998900109989,RCAR,AM,T14,Rhamnose
0.86991300869913,RCAR,AM,T14,Rhamnose
0.4,RCAR,AM,T14,Rhamnose
0.4,RCAR,AM,T21,Rhamnose
0.27002700270027,RCAR,AM,T21,Rhamnose
0.64993500649935,RCAR,AM,T21,Rhamnose
0.23002300230023,RCAR,AM,T21,Rhamnose
0.82,RCAR,AV,T07,Rhamnose
3.0493901219756,RCAR,AV,T07,Rhamnose
1.999800019998,RCAR,AV,T07,Rhamnose
0.950190038007602,RCAR,AV,T07,Rhamnose
0.45,RCAR,AV,T14,Rhamnose
0.4,RCAR,AV,T14,Rhamnose
2.02020202020202,RCAR,AV,T14,Rhamnose
0.429914017196561,RCAR,AV,T14,Rhamnose
0.44995500449955,RCAR,AV,T21,Rhamnose
0.4,RCAR,AV,T21,Rhamnose
0.64006400640064,RCAR,AV,T21,Rhamnose
0.24002400240024,RCAR,AV,T21,Rhamnose
1.22,RGA,AM,T07,Rhamnose
2.26,RGA,AM,T07,Rhamnose
3.25032503250325,RGA,AM,T07,Rhamnose
1.7,RGA,AM,T14,Rhamnose
1.58,RGA,AM,T14,Rhamnose
1.09,RGA,AM,T14,Rhamnose
2.89,RGA,AM,T14,Rhamnose
2.43975602439756,RGA,AM,T21,Rhamnose
0.32003200320032,RGA,AM,T21,Rhamnose
0.84008400840084,RGA,AM,T21,Rhamnose
0.95990400959904,RGA,AM,T21,Rhamnose
0.779844031193761,RGA,AV,T07,Rhamnose
0.07999200079992,RGA,AV,T07,Rhamnose
0.34003400340034,RGA,AV,T07,Rhamnose
3.72962703729627,RGA,AV,T14,Rhamnose
0.6999300069993,RGA,AV,T14,Rhamnose
0.72007200720072,RGA,AV,T14,Rhamnose
1.45,RGA,AV,T14,Rhamnose
1.06989301069893,RGA,AV,T21,Rhamnose
0.52005200520052,RGA,AV,T21,Rhamnose
1.29,RGA,AV,T21,Rhamnose
2.21955608878224,RGA,AV,T21,Rhamnose
1.80981901809819,RMO,AM,T07,Rhamnose
4.07040704070407,RMO,AM,T07,Rhamnose
0.929814037192562,RMO,AM,T07,Rhamnose
2.93029302930293,RMO,AM,T07,Rhamnose
0.25,RMO,AM,T14,Rhamnose
0.42,RMO,AM,T14,Rhamnose
0.21997800219978,RMO,AM,T14,Rhamnose
0.35996400359964,RMO,AM,T14,Rhamnose
0.56005600560056,RMO,AM,T21,Rhamnose
0.34996500349965,RMO,AM,T21,Rhamnose
0.1,RMO,AM,T21,Rhamnose
0.52005200520052,RMO,AM,T21,Rhamnose
2.76972302769723,RMO,AV,T07,Rhamnose
1.5,RMO,AV,T07,Rhamnose
0.99,RMO,AV,T07,Rhamnose
0.23,RMO,AV,T14,Rhamnose
0.9000900090009,RMO,AV,T14,Rhamnose
0.55,RMO,AV,T14,Rhamnose
0.08000800080008,RMO,AV,T14,Rhamnose
1.67,RMO,AV,T21,Rhamnose
0.53994600539946,RMO,AV,T21,Rhamnose
2.43,RMO,AV,T21,Rhamnose
1.97,RMO,AV,T21,Rhamnose
1.2,RPE,AM,T07,Rhamnose
1.06,RPE,AM,T07,Rhamnose
0.43,RPE,AM,T07,Rhamnose
0.46,RPE,AM,T07,Rhamnose
0.05999400059994,RPE,AM,T14,Rhamnose
1.35,RPE,AM,T14,Rhamnose
0.35003500350035,RPE,AM,T21,Rhamnose
0.19,RPE,AM,T21,Rhamnose
0.66,RPE,AM,T21,Rhamnose
1.35,RPE,AV,T07,Rhamnose
0.93009300930093,RPE,AV,T07,Rhamnose
0.91,RPE,AV,T07,Rhamnose
0.46995300469953,RPE,AV,T14,Rhamnose
0.1,RPE,AV,T14,Rhamnose
0.26,RPE,AV,T14,Rhamnose
0.07,RPE,AV,T14,Rhamnose
6.05060506050605,GRG,AM,T07,Scyllo.inositol
6.73932606739326,GRG,AM,T07,Scyllo.inositol
4.15,GRG,AM,T07,Scyllo.inositol
5.81,GRG,AM,T07,Scyllo.inositol
2.10978902109789,GRG,AM,T14,Scyllo.inositol
7.79077907790779,GRG,AM,T14,Scyllo.inositol
6.33063306330633,GRG,AM,T14,Scyllo.inositol
5.44,GRG,AM,T14,Scyllo.inositol
2.52,GRG,AM,T21,Scyllo.inositol
31.72,GRG,AM,T21,Scyllo.inositol
6.8,GRG,AM,T21,Scyllo.inositol
4.3004300430043,GRG,AM,T21,Scyllo.inositol
1.58015801580158,GRG,AV,T07,Scyllo.inositol
2.03040608121624,GRG,AV,T07,Scyllo.inositol
2.5,GRG,AV,T07,Scyllo.inositol
2.66,GRG,AV,T07,Scyllo.inositol
0.1999800019998,GRG,AV,T14,Scyllo.inositol
0.33,GRG,AV,T14,Scyllo.inositol
1,GRG,AV,T14,Scyllo.inositol
1.63,GRG,AV,T21,Scyllo.inositol
2.36976302369763,GRG,AV,T21,Scyllo.inositol
0.81991800819918,GRG,AV,T21,Scyllo.inositol
1.750350070014,GRG,AV,T21,Scyllo.inositol
4.96,RCA,AM,T07,Scyllo.inositol
7.80921907809219,RCA,AM,T07,Scyllo.inositol
5.78942105789421,RCA,AM,T07,Scyllo.inositol
8.47,RCA,AM,T07,Scyllo.inositol
9.41,RCA,AM,T14,Scyllo.inositol
8.74,RCA,AM,T14,Scyllo.inositol
7.22072207220722,RCA,AM,T14,Scyllo.inositol
6.47,RCA,AM,T14,Scyllo.inositol
4.75,RCA,AM,T21,Scyllo.inositol
8.78087808780878,RCA,AM,T21,Scyllo.inositol
8.75,RCA,AM,T21,Scyllo.inositol
7.24,RCA,AM,T21,Scyllo.inositol
2.82,RCA,AV,T07,Scyllo.inositol
3.54964503549645,RCA,AV,T07,Scyllo.inositol
5.31053105310531,RCA,AV,T07,Scyllo.inositol
3.83038303830383,RCA,AV,T07,Scyllo.inositol
5.43108621724345,RCA,AV,T14,Scyllo.inositol
2.9,RCA,AV,T14,Scyllo.inositol
1.28012801280128,RCA,AV,T14,Scyllo.inositol
5.71,RCA,AV,T21,Scyllo.inositol
4.29085817163433,RCA,AV,T21,Scyllo.inositol
6.47129425885177,RCA,AV,T21,Scyllo.inositol
6.83136627325465,RCA,AV,T21,Scyllo.inositol
4.02959704029597,RCAR,AM,T07,Scyllo.inositol
6.29062906290629,RCAR,AM,T07,Scyllo.inositol
2.78,RCAR,AM,T07,Scyllo.inositol
4.86048604860486,RCAR,AM,T07,Scyllo.inositol
3.62963703629637,RCAR,AM,T14,Scyllo.inositol
2.11978802119788,RCAR,AM,T14,Scyllo.inositol
7.23,RCAR,AM,T14,Scyllo.inositol
1.31,RCAR,AM,T21,Scyllo.inositol
1.84018401840184,RCAR,AM,T21,Scyllo.inositol
5.71942805719428,RCAR,AM,T21,Scyllo.inositol
2.69026902690269,RCAR,AM,T21,Scyllo.inositol
3.41,RCAR,AV,T07,Scyllo.inositol
6.07878424315137,RCAR,AV,T07,Scyllo.inositol
6.41935806419358,RCAR,AV,T07,Scyllo.inositol
4.62092418483697,RCAR,AV,T07,Scyllo.inositol
1.87,RCAR,AV,T14,Scyllo.inositol
2.99,RCAR,AV,T14,Scyllo.inositol
4.82048204820482,RCAR,AV,T14,Scyllo.inositol
2.31953609278144,RCAR,AV,T14,Scyllo.inositol
1.3998600139986,RCAR,AV,T21,Scyllo.inositol
3.49,RCAR,AV,T21,Scyllo.inositol
2.61026102610261,RCAR,AV,T21,Scyllo.inositol
2.98029802980298,RCAR,AV,T21,Scyllo.inositol
4.05,RGA,AM,T07,Scyllo.inositol
4.96,RGA,AM,T07,Scyllo.inositol
5.37053705370537,RGA,AM,T07,Scyllo.inositol
5.02,RGA,AM,T14,Scyllo.inositol
5.82,RGA,AM,T14,Scyllo.inositol
6.26,RGA,AM,T14,Scyllo.inositol
5.9,RGA,AM,T14,Scyllo.inositol
4.56954304569543,RGA,AM,T21,Scyllo.inositol
6.2006200620062,RGA,AM,T21,Scyllo.inositol
4.54045404540454,RGA,AM,T21,Scyllo.inositol
5.28947105289471,RGA,AM,T21,Scyllo.inositol
4.11917616476705,RGA,AV,T07,Scyllo.inositol
2.58974102589741,RGA,AV,T07,Scyllo.inositol
6.8006800680068,RGA,AV,T07,Scyllo.inositol
11.6188381161884,RGA,AV,T14,Scyllo.inositol
14.3085691430857,RGA,AV,T14,Scyllo.inositol
8.55085508550855,RGA,AV,T14,Scyllo.inositol
11.1,RGA,AV,T14,Scyllo.inositol
4.08959104089591,RGA,AV,T21,Scyllo.inositol
3.54035403540354,RGA,AV,T21,Scyllo.inositol
2.46,RGA,AV,T21,Scyllo.inositol
4.30913817236553,RGA,AV,T21,Scyllo.inositol
3.43965603439656,RMO,AM,T07,Scyllo.inositol
3.000300030003,RMO,AM,T07,Scyllo.inositol
2.749450109978,RMO,AM,T07,Scyllo.inositol
5.29052905290529,RMO,AM,T07,Scyllo.inositol
0.54,RMO,AM,T14,Scyllo.inositol
0.72,RMO,AM,T14,Scyllo.inositol
0.91990800919908,RMO,AM,T14,Scyllo.inositol
0.35996400359964,RMO,AM,T14,Scyllo.inositol
0.9000900090009,RMO,AM,T21,Scyllo.inositol
1.86981301869813,RMO,AM,T21,Scyllo.inositol
1.94,RMO,AM,T21,Scyllo.inositol
1.02010201020102,RMO,AM,T21,Scyllo.inositol
6.58934106589341,RMO,AV,T07,Scyllo.inositol
6.79,RMO,AV,T07,Scyllo.inositol
9.07,RMO,AV,T07,Scyllo.inositol
1.12,RMO,AV,T14,Scyllo.inositol
4.43044304430443,RMO,AV,T14,Scyllo.inositol
1.31,RMO,AV,T14,Scyllo.inositol
2.05020502050205,RMO,AV,T14,Scyllo.inositol
1.33,RMO,AV,T21,Scyllo.inositol
3.90960903909609,RMO,AV,T21,Scyllo.inositol
2.3,RMO,AV,T21,Scyllo.inositol
1.94,RMO,AV,T21,Scyllo.inositol
3.13,RPE,AM,T07,Scyllo.inositol
4.93,RPE,AM,T07,Scyllo.inositol
2.95,RPE,AM,T07,Scyllo.inositol
2.52,RPE,AM,T07,Scyllo.inositol
5.17948205179482,RPE,AM,T14,Scyllo.inositol
6.29,RPE,AM,T14,Scyllo.inositol
5.49054905490549,RPE,AM,T21,Scyllo.inositol
3.09,RPE,AM,T21,Scyllo.inositol
3.41,RPE,AM,T21,Scyllo.inositol
3.08,RPE,AV,T07,Scyllo.inositol
3.24032403240324,RPE,AV,T07,Scyllo.inositol
3.34,RPE,AV,T07,Scyllo.inositol
1.62983701629837,RPE,AV,T14,Scyllo.inositol
1.92,RPE,AV,T14,Scyllo.inositol
3.13,RPE,AV,T14,Scyllo.inositol
1.93,RPE,AV,T14,Scyllo.inositol
11.1211121112111,GRG,AM,T07,Xylose
9.3990600939906,GRG,AM,T07,Xylose
12.38,GRG,AM,T07,Xylose
16.26,GRG,AM,T07,Xylose
9.83901609839016,GRG,AM,T14,Xylose
7.63076307630763,GRG,AM,T14,Xylose
19.9219921992199,GRG,AM,T14,Xylose
14.57,GRG,AM,T14,Xylose
13.84,GRG,AM,T21,Xylose
1.58,GRG,AM,T21,Xylose
11.16,GRG,AM,T21,Xylose
13.7013701370137,GRG,AM,T21,Xylose
3.65036503650365,GRG,AV,T07,Xylose
5.13102620524105,GRG,AV,T07,Xylose
3.93,GRG,AV,T07,Xylose
9.21,GRG,AV,T07,Xylose
0.12998700129987,GRG,AV,T14,Xylose
0.13,GRG,AV,T14,Xylose
0.28,GRG,AV,T14,Xylose
0.14,GRG,AV,T21,Xylose
0.13998600139986,GRG,AV,T21,Xylose
0.31996800319968,GRG,AV,T21,Xylose
0.660132026405281,GRG,AV,T21,Xylose
7.57,RCA,AM,T07,Xylose
15.0684931506849,RCA,AM,T07,Xylose
10.4489551044896,RCA,AM,T07,Xylose
28.97,RCA,AM,T07,Xylose
6.11,RCA,AM,T14,Xylose
2.58,RCA,AM,T14,Xylose
6.85068506850685,RCA,AM,T14,Xylose
10.15,RCA,AM,T14,Xylose
13.51,RCA,AM,T21,Xylose
8.41084108410841,RCA,AM,T21,Xylose
16.95,RCA,AM,T21,Xylose
13.24,RCA,AM,T21,Xylose
2.73,RCA,AV,T07,Xylose
0.81991800819918,RCA,AV,T07,Xylose
0.49004900490049,RCA,AV,T07,Xylose
0.65006500650065,RCA,AV,T07,Xylose
2.51050210042008,RCA,AV,T14,Xylose
1.12,RCA,AV,T14,Xylose
0.28002800280028,RCA,AV,T14,Xylose
1.49,RCA,AV,T21,Xylose
4.20084016803361,RCA,AV,T21,Xylose
2.83056611322264,RCA,AV,T21,Xylose
0.590118023604721,RCA,AV,T21,Xylose
7.13928607139286,RCAR,AM,T07,Xylose
5.8005800580058,RCAR,AM,T07,Xylose
5.4,RCAR,AM,T07,Xylose
2.71027102710271,RCAR,AM,T07,Xylose
1.84981501849815,RCAR,AM,T14,Xylose
2.4997500249975,RCAR,AM,T14,Xylose
3.24,RCAR,AM,T14,Xylose
1.39,RCAR,AM,T21,Xylose
0.76007600760076,RCAR,AM,T21,Xylose
5.95940405959404,RCAR,AM,T21,Xylose
9.07090709070907,RCAR,AM,T21,Xylose
0.82,RCAR,AV,T07,Xylose
10.0179964007199,RCAR,AV,T07,Xylose
5.97940205979402,RCAR,AV,T07,Xylose
0.320064012802561,RCAR,AV,T07,Xylose
0.98,RCAR,AV,T14,Xylose
4.66,RCAR,AV,T14,Xylose
6.14061406140614,RCAR,AV,T14,Xylose
3.40931813637273,RCAR,AV,T14,Xylose
1.70982901709829,RCAR,AV,T21,Xylose
0.77,RCAR,AV,T21,Xylose
1.62016201620162,RCAR,AV,T21,Xylose
0.39003900390039,RCAR,AV,T21,Xylose
4.44,RGA,AM,T07,Xylose
8.39,RGA,AM,T07,Xylose
6.87068706870687,RGA,AM,T07,Xylose
7.43,RGA,AM,T14,Xylose
6.88,RGA,AM,T14,Xylose
8.46,RGA,AM,T14,Xylose
8.19,RGA,AM,T14,Xylose
8.24917508249175,RGA,AM,T21,Xylose
7.65076507650765,RGA,AM,T21,Xylose
7.21072107210721,RGA,AM,T21,Xylose
4.04959504049595,RGA,AM,T21,Xylose
2.3495300939812,RGA,AV,T07,Xylose
5.04949505049495,RGA,AV,T07,Xylose
0.64006400640064,RGA,AV,T07,Xylose
4.36956304369563,RGA,AV,T14,Xylose
27.1072892710729,RGA,AV,T14,Xylose
13.8213821382138,RGA,AV,T14,Xylose
3.41,RGA,AV,T14,Xylose
2.55974402559744,RGA,AV,T21,Xylose
2.2002200220022,RGA,AV,T21,Xylose
1.31,RGA,AV,T21,Xylose
0.599880023995201,RGA,AV,T21,Xylose
6.90930906909309,RMO,AM,T07,Xylose
3.14031403140314,RMO,AM,T07,Xylose
9.30813837232554,RMO,AM,T07,Xylose
7.86078607860786,RMO,AM,T07,Xylose
0.76,RMO,AM,T14,Xylose
0.16,RMO,AM,T14,Xylose
0.57994200579942,RMO,AM,T14,Xylose
0.51994800519948,RMO,AM,T14,Xylose
1.84018401840184,RMO,AM,T21,Xylose
1.08989101089891,RMO,AM,T21,Xylose
1.5,RMO,AM,T21,Xylose
0.85008500850085,RMO,AM,T21,Xylose
6.67933206679332,RMO,AV,T07,Xylose
3.68,RMO,AV,T07,Xylose
12.72,RMO,AV,T07,Xylose
0.26,RMO,AV,T14,Xylose
2.79027902790279,RMO,AV,T14,Xylose
1.37,RMO,AV,T14,Xylose
0.75007500750075,RMO,AV,T14,Xylose
3.05,RMO,AV,T21,Xylose
4.38956104389561,RMO,AV,T21,Xylose
3.85,RMO,AV,T21,Xylose
4.8,RMO,AV,T21,Xylose
3.89,RPE,AM,T07,Xylose
8.72,RPE,AM,T07,Xylose
2.74,RPE,AM,T07,Xylose
3.59,RPE,AM,T07,Xylose
16.8983101689831,RPE,AM,T14,Xylose
7.02,RPE,AM,T14,Xylose
6.17061706170617,RPE,AM,T21,Xylose
28.56,RPE,AM,T21,Xylose
1.4,RPE,AM,T21,Xylose
1.84,RPE,AV,T07,Xylose
3.34033403340334,RPE,AV,T07,Xylose
8.08,RPE,AV,T07,Xylose
0.01999800019998,RPE,AV,T14,Xylose
0.06,RPE,AV,T14,Xylose
1.55,RPE,AV,T14,Xylose
0.85,RPE,AV,T14,Xylose
45.6845684568457,GRG,AM,T07,Glucose
17.7582241775822,GRG,AM,T07,Glucose
32.53,GRG,AM,T07,Glucose
26.15,GRG,AM,T07,Glucose
59.6040395960404,GRG,AM,T14,Glucose
48.1848184818482,GRG,AM,T14,Glucose
30.3530353035304,GRG,AM,T14,Glucose
42.45,GRG,AM,T14,Glucose
42.94,GRG,AM,T21,Glucose
22.87,GRG,AM,T21,Glucose
41.62,GRG,AM,T21,Glucose
38.9338933893389,GRG,AM,T21,Glucose
65.6165616561656,GRG,AV,T07,Glucose
48.4596919383877,GRG,AV,T07,Glucose
51.4,GRG,AV,T07,Glucose
46.23,GRG,AV,T07,Glucose
92.8207179282072,GRG,AV,T14,Glucose
80.89,GRG,AV,T14,Glucose
88.61,GRG,AV,T14,Glucose
50.63,GRG,AV,T21,Glucose
56.024397560244,GRG,AV,T21,Glucose
62.2937706229377,GRG,AV,T21,Glucose
63.3126625325065,GRG,AV,T21,Glucose
19.24,RCA,AM,T07,Glucose
26.5973402659734,RCA,AM,T07,Glucose
47.7852214778522,RCA,AM,T07,Glucose
35.16,RCA,AM,T07,Glucose
39.14,RCA,AM,T14,Glucose
49.42,RCA,AM,T14,Glucose
48.4048404840484,RCA,AM,T14,Glucose
45.26,RCA,AM,T14,Glucose
32.55,RCA,AM,T21,Glucose
30.7330733073307,RCA,AM,T21,Glucose
30.24,RCA,AM,T21,Glucose
35.66,RCA,AM,T21,Glucose
78.74,RCA,AV,T07,Glucose
75.5324467553245,RCA,AV,T07,Glucose
83.4483448344834,RCA,AV,T07,Glucose
86.4286428642864,RCA,AV,T07,Glucose
69.0338067613523,RCA,AV,T14,Glucose
86.6,RCA,AV,T14,Glucose
94.7894789478948,RCA,AV,T14,Glucose
73.83,RCA,AV,T21,Glucose
70.2640528105621,RCA,AV,T21,Glucose
58.1516303260652,RCA,AV,T21,Glucose
69.5439087817564,RCA,AV,T21,Glucose
18.5081491850815,RCAR,AM,T07,Glucose
65.5765576557656,RCAR,AM,T07,Glucose
71.33,RCAR,AM,T07,Glucose
66.4366436643664,RCAR,AM,T07,Glucose
77.8022197780222,RCAR,AM,T14,Glucose
78.952104789521,RCAR,AM,T14,Glucose
61.06,RCAR,AM,T14,Glucose
86.83,RCAR,AM,T21,Glucose
77.8477847784778,RCAR,AM,T21,Glucose
54.8645135486451,RCAR,AM,T21,Glucose
57.7957795779578,RCAR,AM,T21,Glucose
73.46,RCAR,AV,T07,Glucose
12.2975404919016,RCAR,AV,T07,Glucose
64.3035696430357,RCAR,AV,T07,Glucose
58.0516103220644,RCAR,AV,T07,Glucose
76.28,RCAR,AV,T14,Glucose
75.49,RCAR,AV,T14,Glucose
50.0650065006501,RCAR,AV,T14,Glucose
70.1659668066387,RCAR,AV,T14,Glucose
74.1925807419258,RCAR,AV,T21,Glucose
69.62,RCAR,AV,T21,Glucose
74.5074507450745,RCAR,AV,T21,Glucose
77.3377337733773,RCAR,AV,T21,Glucose
50.36,RGA,AM,T07,Glucose
47.72,RGA,AM,T07,Glucose
47.7347734773477,RGA,AM,T07,Glucose
55.36,RGA,AM,T14,Glucose
62.64,RGA,AM,T14,Glucose
36.87,RGA,AM,T14,Glucose
54.32,RGA,AM,T14,Glucose
42.4657534246575,RGA,AM,T21,Glucose
56.4556455645565,RGA,AM,T21,Glucose
52.9352935293529,RGA,AM,T21,Glucose
52.3847615238476,RGA,AM,T21,Glucose
65.4069186162768,RGA,AV,T07,Glucose
62.3937606239376,RGA,AV,T07,Glucose
73.7273727372737,RGA,AV,T07,Glucose
40.1259874012599,RGA,AV,T14,Glucose
11.0788921107889,RGA,AV,T14,Glucose
14.2114211421142,RGA,AV,T14,Glucose
29.9,RGA,AV,T14,Glucose
73.0626937306269,RGA,AV,T21,Glucose
70.7070707070707,RGA,AV,T21,Glucose
77.61,RGA,AV,T21,Glucose
69.6560687862428,RGA,AV,T21,Glucose
59.5540445955404,RMO,AM,T07,Glucose
57.4857485748575,RMO,AM,T07,Glucose
54.7690461907618,RMO,AM,T07,Glucose
42.8742874287429,RMO,AM,T07,Glucose
84.77,RMO,AM,T14,Glucose
81.25,RMO,AM,T14,Glucose
84.5215478452155,RMO,AM,T14,Glucose
84.991500849915,RMO,AM,T14,Glucose
78.3878387838784,RMO,AM,T21,Glucose
63.0936906309369,RMO,AM,T21,Glucose
72.79,RMO,AM,T21,Glucose
73.2373237323732,RMO,AM,T21,Glucose
58.1041895810419,RMO,AV,T07,Glucose
27.52,RMO,AV,T07,Glucose
24.2,RMO,AV,T07,Glucose
87.53,RMO,AV,T14,Glucose
53.0653065306531,RMO,AV,T14,Glucose
75.05,RMO,AV,T14,Glucose
29.2029202920292,RMO,AV,T14,Glucose
54.62,RMO,AV,T21,Glucose
25.7974202579742,RMO,AV,T21,Glucose
49.92,RMO,AV,T21,Glucose
38.01,RMO,AV,T21,Glucose
77.05,RPE,AM,T07,Glucose
52.28,RPE,AM,T07,Glucose
71.1,RPE,AM,T07,Glucose
68.57,RPE,AM,T07,Glucose
44.4755524447555,RPE,AM,T14,Glucose
59.5,RPE,AM,T14,Glucose
60.1360136013601,RPE,AM,T21,Glucose
54.82,RPE,AM,T21,Glucose
81.2,RPE,AM,T21,Glucose
76.84,RPE,AV,T07,Glucose
72.6772677267727,RPE,AV,T07,Glucose
70.69,RPE,AV,T07,Glucose
83.6616338366163,RPE,AV,T14,Glucose
78.34,RPE,AV,T14,Glucose
77.11,RPE,AV,T14,Glucose
84.43,RPE,AV,T14,Glucose
