percent,river,site,time,pigments
0,GRG,AM,T07,Alloxanthin
0,GRG,AM,T07,Alloxanthin
0,GRG,AM,T07,Alloxanthin
0,GRG,AM,T14,Alloxanthin
0,GRG,AM,T14,Alloxanthin
0,GRG,AM,T14,Alloxanthin
0,GRG,AM,T21,Alloxanthin
0,GRG,AM,T21,Alloxanthin
0,GRG,AM,T21,Alloxanthin
0,GRG,AV,T07,Alloxanthin
0,GRG,AV,T07,Alloxanthin
0,GRG,AV,T07,Alloxanthin
0,GRG,AV,T14,Alloxanthin
0.764837854374873,GRG,AV,T14,Alloxanthin
0.593242197575445,GRG,AV,T14,Alloxanthin
0,GRG,AV,T21,Alloxanthin
0,GRG,AV,T21,Alloxanthin
0,GRG,AV,T21,Alloxanthin
0,RCA,AM,T07,Alloxanthin
0,RCA,AM,T07,Alloxanthin
0,RCA,AM,T07,Alloxanthin
0,RCA,AM,T14,Alloxanthin
0,RCA,AM,T14,Alloxanthin
0,RCA,AM,T14,Alloxanthin
0,RCA,AM,T21,Alloxanthin
0,RCA,AM,T21,Alloxanthin
0,RCA,AM,T21,Alloxanthin
0,RCA,AM,T21,Alloxanthin
0,RCA,AV,T07,Alloxanthin
0,RCA,AV,T07,Alloxanthin
0,RCA,AV,T07,Alloxanthin
0,RCA,AV,T14,Alloxanthin
0,RCA,AV,T14,Alloxanthin
0,RCA,AV,T14,Alloxanthin
0,RCA,AV,T21,Alloxanthin
0,RCA,AV,T21,Alloxanthin
0,RCA,AV,T21,Alloxanthin
0,RCAR,AM,T07,Alloxanthin
0,RCAR,AM,T07,Alloxanthin
0,RCAR,AM,T07,Alloxanthin
0,RCAR,AM,T14,Alloxanthin
0,RCAR,AM,T14,Alloxanthin
0,RCAR,AM,T14,Alloxanthin
0,RCAR,AM,T21,Alloxanthin
0,RCAR,AM,T21,Alloxanthin
0,RCAR,AM,T21,Alloxanthin
0,RCAR,AV,T07,Alloxanthin
0,RCAR,AV,T07,Alloxanthin
0,RCAR,AV,T07,Alloxanthin
0,RCAR,AV,T14,Alloxanthin
0,RCAR,AV,T14,Alloxanthin
0,RCAR,AV,T14,Alloxanthin
0,RCAR,AV,T21,Alloxanthin
0,RCAR,AV,T21,Alloxanthin
0,RCAR,AV,T21,Alloxanthin
0,RGA,AM,T07,Alloxanthin
0,RGA,AM,T07,Alloxanthin
0,RGA,AM,T07,Alloxanthin
0,RGA,AM,T14,Alloxanthin
0,RGA,AM,T14,Alloxanthin
0,RGA,AM,T14,Alloxanthin
0,RGA,AM,T21,Alloxanthin
0,RGA,AM,T21,Alloxanthin
0,RGA,AV,T07,Alloxanthin
0,RGA,AV,T07,Alloxanthin
0,RGA,AV,T07,Alloxanthin
0,RGA,AV,T14,Alloxanthin
0,RGA,AV,T14,Alloxanthin
0,RGA,AV,T14,Alloxanthin
0,RGA,AV,T21,Alloxanthin
0,RGA,AV,T21,Alloxanthin
0,RGA,AV,T21,Alloxanthin
0,RMO,AM,T07,Alloxanthin
0,RMO,AM,T07,Alloxanthin
0,RMO,AM,T07,Alloxanthin
0.73052059930256,RMO,AM,T14,Alloxanthin
0,RMO,AM,T14,Alloxanthin
0,RMO,AM,T21,Alloxanthin
0,RMO,AM,T21,Alloxanthin
0,RMO,AM,T21,Alloxanthin
0,RMO,AV,T07,Alloxanthin
0,RMO,AV,T07,Alloxanthin
0,RMO,AV,T07,Alloxanthin
0,RMO,AV,T14,Alloxanthin
0,RMO,AV,T14,Alloxanthin
0,RMO,AV,T14,Alloxanthin
1.11258278145695,RMO,AV,T21,Alloxanthin
1.85959047221061,RMO,AV,T21,Alloxanthin
0,RMO,AV,T21,Alloxanthin
0,RPE,AM,T07,Alloxanthin
0,RPE,AM,T07,Alloxanthin
0,RPE,AM,T07,Alloxanthin
0,RPE,AM,T14,Alloxanthin
0,RPE,AM,T14,Alloxanthin
0,RPE,AM,T14,Alloxanthin
0,RPE,AM,T21,Alloxanthin
0,RPE,AM,T21,Alloxanthin
0,RPE,AM,T21,Alloxanthin
0,RPE,AV,T07,Alloxanthin
0,RPE,AV,T07,Alloxanthin
0,RPE,AV,T07,Alloxanthin
0,RPE,AV,T14,Alloxanthin
0,RPE,AV,T14,Alloxanthin
0,RPE,AV,T14,Alloxanthin
0,GRG,AM,T07,alpha.Caroten
0,GRG,AM,T07,alpha.Caroten
0,GRG,AM,T07,alpha.Caroten
0,GRG,AM,T14,alpha.Caroten
0,GRG,AM,T14,alpha.Caroten
0,GRG,AM,T14,alpha.Caroten
0,GRG,AM,T21,alpha.Caroten
0,GRG,AM,T21,alpha.Caroten
0,GRG,AM,T21,alpha.Caroten
0,GRG,AV,T07,alpha.Caroten
0,GRG,AV,T07,alpha.Caroten
0,GRG,AV,T07,alpha.Caroten
0,GRG,AV,T14,alpha.Caroten
0,GRG,AV,T14,alpha.Caroten
0,GRG,AV,T14,alpha.Caroten
0,GRG,AV,T21,alpha.Caroten
0,GRG,AV,T21,alpha.Caroten
0,GRG,AV,T21,alpha.Caroten
0,RCA,AM,T07,alpha.Caroten
0,RCA,AM,T07,alpha.Caroten
0,RCA,AM,T07,alpha.Caroten
0,RCA,AM,T14,alpha.Caroten
0,RCA,AM,T14,alpha.Caroten
0,RCA,AM,T14,alpha.Caroten
0,RCA,AM,T21,alpha.Caroten
0,RCA,AM,T21,alpha.Caroten
0,RCA,AM,T21,alpha.Caroten
0,RCA,AM,T21,alpha.Caroten
0,RCA,AV,T07,alpha.Caroten
0,RCA,AV,T07,alpha.Caroten
0,RCA,AV,T07,alpha.Caroten
0,RCA,AV,T14,alpha.Caroten
0,RCA,AV,T14,alpha.Caroten
0,RCA,AV,T14,alpha.Caroten
0,RCA,AV,T21,alpha.Caroten
0,RCA,AV,T21,alpha.Caroten
0,RCA,AV,T21,alpha.Caroten
0.489057341973346,RCAR,AM,T07,alpha.Caroten
0.388198757763975,RCAR,AM,T07,alpha.Caroten
0.536193029490617,RCAR,AM,T07,alpha.Caroten
0.274590163934426,RCAR,AM,T14,alpha.Caroten
0.332736114665984,RCAR,AM,T14,alpha.Caroten
0.190155384113876,RCAR,AM,T14,alpha.Caroten
0,RCAR,AM,T21,alpha.Caroten
0,RCAR,AM,T21,alpha.Caroten
0,RCAR,AM,T21,alpha.Caroten
0,RCAR,AV,T07,alpha.Caroten
0,RCAR,AV,T07,alpha.Caroten
0,RCAR,AV,T07,alpha.Caroten
0.393807713199348,RCAR,AV,T14,alpha.Caroten
0.465702388779312,RCAR,AV,T14,alpha.Caroten
0.238634277672398,RCAR,AV,T14,alpha.Caroten
0,RCAR,AV,T21,alpha.Caroten
0,RCAR,AV,T21,alpha.Caroten
0,RCAR,AV,T21,alpha.Caroten
0,RGA,AM,T07,alpha.Caroten
0,RGA,AM,T07,alpha.Caroten
0,RGA,AM,T07,alpha.Caroten
0,RGA,AM,T14,alpha.Caroten
0,RGA,AM,T14,alpha.Caroten
0,RGA,AM,T14,alpha.Caroten
0,RGA,AM,T21,alpha.Caroten
0,RGA,AM,T21,alpha.Caroten
0,RGA,AV,T07,alpha.Caroten
0,RGA,AV,T07,alpha.Caroten
0,RGA,AV,T07,alpha.Caroten
0.586409106588479,RGA,AV,T14,alpha.Caroten
0,RGA,AV,T14,alpha.Caroten
0.630148084799928,RGA,AV,T14,alpha.Caroten
0,RGA,AV,T21,alpha.Caroten
0,RGA,AV,T21,alpha.Caroten
0,RGA,AV,T21,alpha.Caroten
0,RMO,AM,T07,alpha.Caroten
0,RMO,AM,T07,alpha.Caroten
0,RMO,AM,T07,alpha.Caroten
0,RMO,AM,T14,alpha.Caroten
0,RMO,AM,T14,alpha.Caroten
0,RMO,AM,T21,alpha.Caroten
0,RMO,AM,T21,alpha.Caroten
0,RMO,AM,T21,alpha.Caroten
0,RMO,AV,T07,alpha.Caroten
0,RMO,AV,T07,alpha.Caroten
0,RMO,AV,T07,alpha.Caroten
0.295302013422819,RMO,AV,T14,alpha.Caroten
0,RMO,AV,T14,alpha.Caroten
0,RMO,AV,T14,alpha.Caroten
0,RMO,AV,T21,alpha.Caroten
0,RMO,AV,T21,alpha.Caroten
0,RMO,AV,T21,alpha.Caroten
0,RPE,AM,T07,alpha.Caroten
0,RPE,AM,T07,alpha.Caroten
0,RPE,AM,T07,alpha.Caroten
0,RPE,AM,T14,alpha.Caroten
0,RPE,AM,T14,alpha.Caroten
0,RPE,AM,T14,alpha.Caroten
0,RPE,AM,T21,alpha.Caroten
0,RPE,AM,T21,alpha.Caroten
0,RPE,AM,T21,alpha.Caroten
0,RPE,AV,T07,alpha.Caroten
0,RPE,AV,T07,alpha.Caroten
0,RPE,AV,T07,alpha.Caroten
0,RPE,AV,T14,alpha.Caroten
0,RPE,AV,T14,alpha.Caroten
0,RPE,AV,T14,alpha.Caroten
0,GRG,AM,T07,Astaxanthin
0,GRG,AM,T07,Astaxanthin
0,GRG,AM,T07,Astaxanthin
1.42455482661668,GRG,AM,T14,Astaxanthin
0,GRG,AM,T14,Astaxanthin
0,GRG,AM,T14,Astaxanthin
0,GRG,AM,T21,Astaxanthin
0,GRG,AM,T21,Astaxanthin
0,GRG,AM,T21,Astaxanthin
0,GRG,AV,T07,Astaxanthin
0,GRG,AV,T07,Astaxanthin
0,GRG,AV,T07,Astaxanthin
2.83864166854906,GRG,AV,T14,Astaxanthin
0,GRG,AV,T14,Astaxanthin
0,GRG,AV,T14,Astaxanthin
0,GRG,AV,T21,Astaxanthin
0,GRG,AV,T21,Astaxanthin
0,GRG,AV,T21,Astaxanthin
0,RCA,AM,T07,Astaxanthin
0,RCA,AM,T07,Astaxanthin
0,RCA,AM,T07,Astaxanthin
1.73357664233577,RCA,AM,T14,Astaxanthin
1.30150079310205,RCA,AM,T14,Astaxanthin
0,RCA,AM,T14,Astaxanthin
0,RCA,AM,T21,Astaxanthin
0,RCA,AM,T21,Astaxanthin
0,RCA,AM,T21,Astaxanthin
0,RCA,AM,T21,Astaxanthin
0,RCA,AV,T07,Astaxanthin
0,RCA,AV,T07,Astaxanthin
0,RCA,AV,T07,Astaxanthin
2.2911427773121,RCA,AV,T14,Astaxanthin
0,RCA,AV,T14,Astaxanthin
0,RCA,AV,T14,Astaxanthin
0,RCA,AV,T21,Astaxanthin
0,RCA,AV,T21,Astaxanthin
0,RCA,AV,T21,Astaxanthin
0,RCAR,AM,T07,Astaxanthin
0,RCAR,AM,T07,Astaxanthin
0,RCAR,AM,T07,Astaxanthin
0,RCAR,AM,T14,Astaxanthin
0,RCAR,AM,T14,Astaxanthin
0,RCAR,AM,T14,Astaxanthin
0,RCAR,AM,T21,Astaxanthin
0,RCAR,AM,T21,Astaxanthin
0,RCAR,AM,T21,Astaxanthin
0,RCAR,AV,T07,Astaxanthin
0,RCAR,AV,T07,Astaxanthin
0,RCAR,AV,T07,Astaxanthin
0,RCAR,AV,T14,Astaxanthin
0,RCAR,AV,T14,Astaxanthin
0,RCAR,AV,T14,Astaxanthin
0,RCAR,AV,T21,Astaxanthin
0,RCAR,AV,T21,Astaxanthin
0,RCAR,AV,T21,Astaxanthin
0,RGA,AM,T07,Astaxanthin
0,RGA,AM,T07,Astaxanthin
0,RGA,AM,T07,Astaxanthin
0,RGA,AM,T14,Astaxanthin
0,RGA,AM,T14,Astaxanthin
0,RGA,AM,T14,Astaxanthin
0,RGA,AM,T21,Astaxanthin
0,RGA,AM,T21,Astaxanthin
0,RGA,AV,T07,Astaxanthin
0,RGA,AV,T07,Astaxanthin
0,RGA,AV,T07,Astaxanthin
1.10382890651949,RGA,AV,T14,Astaxanthin
0,RGA,AV,T14,Astaxanthin
0.720169239771346,RGA,AV,T14,Astaxanthin
0,RGA,AV,T21,Astaxanthin
0,RGA,AV,T21,Astaxanthin
0,RGA,AV,T21,Astaxanthin
0,RMO,AM,T07,Astaxanthin
0,RMO,AM,T07,Astaxanthin
0,RMO,AM,T07,Astaxanthin
1.86076001709143,RMO,AM,T14,Astaxanthin
0,RMO,AM,T14,Astaxanthin
0,RMO,AM,T21,Astaxanthin
0,RMO,AM,T21,Astaxanthin
0,RMO,AM,T21,Astaxanthin
0,RMO,AV,T07,Astaxanthin
0,RMO,AV,T07,Astaxanthin
0,RMO,AV,T07,Astaxanthin
1.24161073825503,RMO,AV,T14,Astaxanthin
0,RMO,AV,T14,Astaxanthin
0,RMO,AV,T14,Astaxanthin
0,RMO,AV,T21,Astaxanthin
0,RMO,AV,T21,Astaxanthin
0,RMO,AV,T21,Astaxanthin
0,RPE,AM,T07,Astaxanthin
0,RPE,AM,T07,Astaxanthin
0,RPE,AM,T07,Astaxanthin
0,RPE,AM,T14,Astaxanthin
0,RPE,AM,T14,Astaxanthin
0,RPE,AM,T14,Astaxanthin
0,RPE,AM,T21,Astaxanthin
0,RPE,AM,T21,Astaxanthin
0,RPE,AM,T21,Astaxanthin
0,RPE,AV,T07,Astaxanthin
0,RPE,AV,T07,Astaxanthin
0,RPE,AV,T07,Astaxanthin
0,RPE,AV,T14,Astaxanthin
0,RPE,AV,T14,Astaxanthin
0,RPE,AV,T14,Astaxanthin
4.11081322609473,GRG,AM,T07,beta.Caroten
3.76884422110553,GRG,AM,T07,beta.Caroten
4.67202392076247,GRG,AM,T07,beta.Caroten
2.24929709465792,GRG,AM,T14,beta.Caroten
1.59817351598174,GRG,AM,T14,beta.Caroten
2.21674876847291,GRG,AM,T14,beta.Caroten
0.731319554848967,GRG,AM,T21,beta.Caroten
1.31578947368421,GRG,AM,T21,beta.Caroten
1.56608895385258,GRG,AM,T21,beta.Caroten
1.99565651229677,GRG,AV,T07,beta.Caroten
0.908211994257756,GRG,AV,T07,beta.Caroten
0.83766709713448,GRG,AV,T07,beta.Caroten
0,GRG,AV,T14,beta.Caroten
1.52967570874975,GRG,AV,T14,beta.Caroten
1.13489811710085,GRG,AV,T14,beta.Caroten
1.65752900675762,GRG,AV,T21,beta.Caroten
2.08065759054714,GRG,AV,T21,beta.Caroten
1.59784291206871,GRG,AV,T21,beta.Caroten
1.74746335963923,RCA,AM,T07,beta.Caroten
0,RCA,AM,T07,beta.Caroten
0.921355709114841,RCA,AM,T07,beta.Caroten
1.73357664233577,RCA,AM,T14,beta.Caroten
1.83023549029975,RCA,AM,T14,beta.Caroten
1.4366525994433,RCA,AM,T14,beta.Caroten
1.26112759643917,RCA,AM,T21,beta.Caroten
0.780608052588332,RCA,AM,T21,beta.Caroten
0.705690762688863,RCA,AM,T21,beta.Caroten
0.840502323741719,RCA,AM,T21,beta.Caroten
0.735925426223476,RCA,AV,T07,beta.Caroten
0.890349976029039,RCA,AV,T07,beta.Caroten
0.796900940785833,RCA,AV,T07,beta.Caroten
2.03967588711931,RCA,AV,T14,beta.Caroten
1.09322202345458,RCA,AV,T14,beta.Caroten
1.1963804054642,RCA,AV,T14,beta.Caroten
2.74712373796666,RCA,AV,T21,beta.Caroten
1.2519673773072,RCA,AV,T21,beta.Caroten
1.29557653155654,RCA,AV,T21,beta.Caroten
1.46717202592004,RCAR,AM,T07,beta.Caroten
1.20341614906832,RCAR,AM,T07,beta.Caroten
1.37878207583301,RCAR,AM,T07,beta.Caroten
1.27049180327869,RCAR,AM,T14,beta.Caroten
1.72766828768876,RCAR,AM,T14,beta.Caroten
1.2495925241769,RCAR,AM,T14,beta.Caroten
0,RCAR,AM,T21,beta.Caroten
1.75394637935355,RCAR,AM,T21,beta.Caroten
1.60397786510546,RCAR,AM,T21,beta.Caroten
1.65602081854743,RCAR,AV,T07,beta.Caroten
3.72967328062062,RCAR,AV,T07,beta.Caroten
2.47346181593322,RCAR,AV,T07,beta.Caroten
2.2270505160239,RCAR,AV,T14,beta.Caroten
3.2215647600263,RCAR,AV,T14,beta.Caroten
1.88459891084868,RCAR,AV,T14,beta.Caroten
1.61614929560285,RCAR,AV,T21,beta.Caroten
1.68280679472932,RCAR,AV,T21,beta.Caroten
0.827875039567557,RCAR,AV,T21,beta.Caroten
2.64270613107822,RGA,AM,T07,beta.Caroten
0,RGA,AM,T07,beta.Caroten
0,RGA,AM,T07,beta.Caroten
2.20296135789094,RGA,AM,T14,beta.Caroten
0,RGA,AM,T14,beta.Caroten
1.99203187250996,RGA,AM,T14,beta.Caroten
2.12210251387529,RGA,AM,T21,beta.Caroten
2.46744345442084,RGA,AM,T21,beta.Caroten
2.41582364487392,RGA,AV,T07,beta.Caroten
0.943155748151925,RGA,AV,T07,beta.Caroten
1.63793103448276,RGA,AV,T07,beta.Caroten
2.93204553294239,RGA,AV,T14,beta.Caroten
1.96709585121602,RGA,AV,T14,beta.Caroten
2.9706981140568,RGA,AV,T14,beta.Caroten
2.30113813048075,RGA,AV,T21,beta.Caroten
2.70592916832471,RGA,AV,T21,beta.Caroten
3.65336840567003,RGA,AV,T21,beta.Caroten
2.24669844923009,RMO,AM,T07,beta.Caroten
3.31004045605002,RMO,AM,T07,beta.Caroten
3.09648651996202,RMO,AM,T07,beta.Caroten
1.00618874998277,RMO,AM,T14,beta.Caroten
0.614970692802921,RMO,AM,T14,beta.Caroten
2.92817679558011,RMO,AM,T21,beta.Caroten
1.39218314942766,RMO,AM,T21,beta.Caroten
1.71006356273997,RMO,AM,T21,beta.Caroten
3.4652185156452,RMO,AV,T07,beta.Caroten
3.50583642085973,RMO,AV,T07,beta.Caroten
3.55128472947566,RMO,AV,T07,beta.Caroten
2.94630872483221,RMO,AV,T14,beta.Caroten
0,RMO,AV,T14,beta.Caroten
1.40808344198175,RMO,AV,T14,beta.Caroten
0,RMO,AV,T21,beta.Caroten
0,RMO,AV,T21,beta.Caroten
2.1805081532044,RMO,AV,T21,beta.Caroten
3.34872979214781,RPE,AM,T07,beta.Caroten
1.82998819362456,RPE,AM,T07,beta.Caroten
0,RPE,AM,T07,beta.Caroten
2.83209710047202,RPE,AM,T14,beta.Caroten
0,RPE,AM,T14,beta.Caroten
0,RPE,AM,T14,beta.Caroten
1.17257201121591,RPE,AM,T21,beta.Caroten
1.69902912621359,RPE,AM,T21,beta.Caroten
2.2991347342398,RPE,AM,T21,beta.Caroten
1.99576284196629,RPE,AV,T07,beta.Caroten
0,RPE,AV,T07,beta.Caroten
1.34078212290503,RPE,AV,T07,beta.Caroten
0.980091883614089,RPE,AV,T14,beta.Caroten
3.9980885632367,RPE,AV,T14,beta.Caroten
2.30489284270117,RPE,AV,T14,beta.Caroten
39.8570151921358,GRG,AM,T07,Chlorophyll a
39.572864321608,GRG,AM,T07,Chlorophyll a
40.1794057185573,GRG,AM,T07,Chlorophyll a
41.049671977507,GRG,AM,T14,Chlorophyll a
36.4155251141553,GRG,AM,T14,Chlorophyll a
42.487684729064,GRG,AM,T14,Chlorophyll a
26.550079491256,GRG,AM,T21,Chlorophyll a
36.1372180451128,GRG,AM,T21,Chlorophyll a
32.8878680309042,GRG,AM,T21,Chlorophyll a
29.3478898867171,GRG,AV,T07,Chlorophyll a
25.2248557114816,GRG,AV,T07,Chlorophyll a
25.4092352797459,GRG,AV,T07,Chlorophyll a
29.1469015887358,GRG,AV,T14,Chlorophyll a
16.8570263104222,GRG,AV,T14,Chlorophyll a
17.384575702863,GRG,AV,T14,Chlorophyll a
31.7480555909728,GRG,AV,T21,Chlorophyll a
31.5437965579245,GRG,AV,T21,Chlorophyll a
16.7274179857193,GRG,AV,T21,Chlorophyll a
38.8951521984216,RCA,AM,T07,Chlorophyll a
38.3546414674819,RCA,AM,T07,Chlorophyll a
38.1704508061862,RCA,AM,T07,Chlorophyll a
37.4087591240876,RCA,AM,T14,Chlorophyll a
36.9300850042705,RCA,AM,T14,Chlorophyll a
35.512256442489,RCA,AM,T14,Chlorophyll a
35.8308605341246,RCA,AM,T21,Chlorophyll a
27.2801972062449,RCA,AM,T21,Chlorophyll a
29.4037817787026,RCA,AM,T21,Chlorophyll a
32.9279145654109,RCA,AM,T21,Chlorophyll a
35.5697289341347,RCA,AV,T07,Chlorophyll a
31.2307376207109,RCA,AV,T07,Chlorophyll a
28.5556170448257,RCA,AV,T07,Chlorophyll a
31.4892428052529,RCA,AV,T14,Chlorophyll a
30.9414960577751,RCA,AV,T14,Chlorophyll a
27.690768293744,RCA,AV,T14,Chlorophyll a
41.9347264616107,RCA,AV,T21,Chlorophyll a
31.4780369151524,RCA,AV,T21,Chlorophyll a
29.8599543463508,RCA,AV,T21,Chlorophyll a
39.3691160288544,RCAR,AM,T07,Chlorophyll a
38.4316770186335,RCAR,AM,T07,Chlorophyll a
39.4484871696668,RCAR,AM,T07,Chlorophyll a
31.8852459016393,RCAR,AM,T14,Chlorophyll a
36.6649603276171,RCAR,AM,T14,Chlorophyll a
40.0412908834076,RCAR,AM,T14,Chlorophyll a
38.3856108795789,RCAR,AM,T21,Chlorophyll a
29.90060970517,RCAR,AM,T21,Chlorophyll a
27.1874248135376,RCAR,AM,T21,Chlorophyll a
35.5650185316615,RCAR,AV,T07,Chlorophyll a
37.445919737431,RCAR,AV,T07,Chlorophyll a
39.5753890549315,RCAR,AV,T07,Chlorophyll a
32.7675176534492,RCAR,AV,T14,Chlorophyll a
34.9441157133465,RCAR,AV,T14,Chlorophyll a
35.1098329560056,RCAR,AV,T14,Chlorophyll a
35.3723242056474,RCAR,AV,T21,Chlorophyll a
35.4341959041118,RCAR,AV,T21,Chlorophyll a
31.5079500353064,RCAR,AV,T21,Chlorophyll a
42.0190274841438,RGA,AM,T07,Chlorophyll a
45.6349206349206,RGA,AM,T07,Chlorophyll a
53.4521158129176,RGA,AM,T07,Chlorophyll a
43.6980859516071,RGA,AM,T14,Chlorophyll a
41.9647114926085,RGA,AM,T14,Chlorophyll a
35.6075697211155,RGA,AM,T14,Chlorophyll a
42.4420502775057,RGA,AM,T21,Chlorophyll a
47.7039067854695,RGA,AM,T21,Chlorophyll a
41.3709799184659,RGA,AV,T07,Chlorophyll a
45.6283456538363,RGA,AV,T07,Chlorophyll a
39.2241379310345,RGA,AV,T07,Chlorophyll a
46.3953087271473,RGA,AV,T14,Chlorophyll a
39.5207439198856,RGA,AV,T14,Chlorophyll a
46.9910428950803,RGA,AV,T14,Chlorophyll a
36.8804030101374,RGA,AV,T21,Chlorophyll a
36.9279745324314,RGA,AV,T21,Chlorophyll a
40.1139850942569,RGA,AV,T21,Chlorophyll a
37.9198860211518,RMO,AM,T07,Chlorophyll a
41.0445016550202,RMO,AM,T07,Chlorophyll a
43.8462491226622,RMO,AM,T07,Chlorophyll a
34.0312332014721,RMO,AM,T14,Chlorophyll a
25.675026424522,RMO,AM,T14,Chlorophyll a
35.7596685082873,RMO,AM,T21,Chlorophyll a
30.2670929153346,RMO,AM,T21,Chlorophyll a
29.6518568709063,RMO,AM,T21,Chlorophyll a
37.6002068787174,RMO,AV,T07,Chlorophyll a
29.8792876777818,RMO,AV,T07,Chlorophyll a
33.662598107971,RMO,AV,T07,Chlorophyll a
35.7181208053691,RMO,AV,T14,Chlorophyll a
55.5632152212877,RMO,AV,T14,Chlorophyll a
23.754889178618,RMO,AV,T14,Chlorophyll a
3.47019867549669,RMO,AV,T21,Chlorophyll a
4.19974926870038,RMO,AV,T21,Chlorophyll a
18.6765263557072,RMO,AV,T21,Chlorophyll a
35.2193995381062,RPE,AM,T07,Chlorophyll a
38.370720188902,RPE,AM,T07,Chlorophyll a
39.2156862745098,RPE,AM,T07,Chlorophyll a
47.2016183412003,RPE,AM,T14,Chlorophyll a
42.5531914893617,RPE,AM,T14,Chlorophyll a
33.6225596529284,RPE,AM,T14,Chlorophyll a
42.0596482283966,RPE,AM,T21,Chlorophyll a
39.2394822006472,RPE,AM,T21,Chlorophyll a
41.5327564894932,RPE,AM,T21,Chlorophyll a
38.8099112653136,RPE,AV,T07,Chlorophyll a
39.4811054709532,RPE,AV,T07,Chlorophyll a
38.3612662942272,RPE,AV,T07,Chlorophyll a
33.1546707503828,RPE,AV,T14,Chlorophyll a
38.2765211850908,RPE,AV,T14,Chlorophyll a
30.3679741205014,RPE,AV,T14,Chlorophyll a
7.50670241286863,GRG,AM,T07,Chlorophyll a.allomer
6.28140703517588,GRG,AM,T07,Chlorophyll a.allomer
5.60642870491497,GRG,AM,T07,Chlorophyll a.allomer
12.7460168697282,GRG,AM,T14,Chlorophyll a.allomer
16.8949771689498,GRG,AM,T14,Chlorophyll a.allomer
12.6231527093596,GRG,AM,T14,Chlorophyll a.allomer
23.6883942766296,GRG,AM,T21,Chlorophyll a.allomer
13.6748120300752,GRG,AM,T21,Chlorophyll a.allomer
10.9626226769681,GRG,AM,T21,Chlorophyll a.allomer
20.7783060397957,GRG,AV,T07,Chlorophyll a.allomer
21.3283332845047,GRG,AV,T07,Chlorophyll a.allomer
19.7200795783742,GRG,AV,T07,Chlorophyll a.allomer
1.50591069949552,GRG,AV,T14,Chlorophyll a.allomer
15.8882316948807,GRG,AV,T14,Chlorophyll a.allomer
20.3249935517152,GRG,AV,T14,Chlorophyll a.allomer
17.2765523396659,GRG,AV,T21,Chlorophyll a.allomer
11.4821474441305,GRG,AV,T21,Chlorophyll a.allomer
22.5944974284716,GRG,AV,T21,Chlorophyll a.allomer
11.8376550169109,RCA,AM,T07,Chlorophyll a.allomer
13.8966092273485,RCA,AM,T07,Chlorophyll a.allomer
12.8331688055281,RCA,AM,T07,Chlorophyll a.allomer
12.2262773722628,RCA,AM,T14,Chlorophyll a.allomer
12.4862732338228,RCA,AM,T14,Chlorophyll a.allomer
11.8523839454072,RCA,AM,T14,Chlorophyll a.allomer
11.2759643916914,RCA,AM,T21,Chlorophyll a.allomer
12.5718981101068,RCA,AM,T21,Chlorophyll a.allomer
11.6710395367773,RCA,AM,T21,Chlorophyll a.allomer
11.3220607139326,RCA,AM,T21,Chlorophyll a.allomer
18.0301729424752,RCA,AV,T07,Chlorophyll a.allomer
14.5880419149373,RCA,AV,T07,Chlorophyll a.allomer
16.934144991699,RCA,AV,T07,Chlorophyll a.allomer
13.6630343671417,RCA,AV,T14,Chlorophyll a.allomer
12.3898495991519,RCA,AV,T14,Chlorophyll a.allomer
14.835117027756,RCA,AV,T14,Chlorophyll a.allomer
9.57971354778117,RCA,AV,T21,Chlorophyll a.allomer
6.76062383745886,RCA,AV,T21,Chlorophyll a.allomer
7.89684743043988,RCA,AV,T21,Chlorophyll a.allomer
6.60227411664018,RCAR,AM,T07,Chlorophyll a.allomer
6.7287784679089,RCAR,AM,T07,Chlorophyll a.allomer
7.85139793182689,RCAR,AM,T07,Chlorophyll a.allomer
18.155737704918,RCAR,AM,T14,Chlorophyll a.allomer
11.7097517276683,RCAR,AM,T14,Chlorophyll a.allomer
10.5400412908834,RCAR,AM,T14,Chlorophyll a.allomer
4.33209037069533,RCAR,AM,T21,Chlorophyll a.allomer
12.9457947047524,RCAR,AM,T21,Chlorophyll a.allomer
13.8744085331622,RCAR,AM,T21,Chlorophyll a.allomer
8.04352969008753,RCAR,AV,T07,Chlorophyll a.allomer
3.87886021184544,RCAR,AV,T07,Chlorophyll a.allomer
5.46222817685252,RCAR,AV,T07,Chlorophyll a.allomer
10.171102661597,RCAR,AV,T14,Chlorophyll a.allomer
8.82095112864344,RCAR,AV,T14,Chlorophyll a.allomer
7.88104999082176,RCAR,AV,T14,Chlorophyll a.allomer
8.75160090260413,RCAR,AV,T21,Chlorophyll a.allomer
9.14430862041594,RCAR,AV,T21,Chlorophyll a.allomer
9.59361075263581,RCAR,AV,T21,Chlorophyll a.allomer
8.19238900634249,RGA,AM,T07,Chlorophyll a.allomer
8.03571428571429,RGA,AM,T07,Chlorophyll a.allomer
0,RGA,AM,T07,Chlorophyll a.allomer
10.4730949801372,RGA,AM,T14,Chlorophyll a.allomer
15.7367668097282,RGA,AM,T14,Chlorophyll a.allomer
9.21314741035857,RGA,AM,T14,Chlorophyll a.allomer
11.7531831537708,RGA,AM,T21,Chlorophyll a.allomer
6.30568882796436,RGA,AM,T21,Chlorophyll a.allomer
9.81428355730032,RGA,AV,T07,Chlorophyll a.allomer
6.37267397399949,RGA,AV,T07,Chlorophyll a.allomer
3.53448275862069,RGA,AV,T07,Chlorophyll a.allomer
7.17488789237668,RGA,AV,T14,Chlorophyll a.allomer
9.47782546494993,RGA,AV,T14,Chlorophyll a.allomer
6.48152315794212,RGA,AV,T14,Chlorophyll a.allomer
10.075253436159,RGA,AV,T21,Chlorophyll a.allomer
10.7839235972941,RGA,AV,T21,Chlorophyll a.allomer
5.18778313605144,RGA,AV,T21,Chlorophyll a.allomer
7.94564085703326,RMO,AM,T07,Chlorophyll a.allomer
5.29606472968003,RMO,AM,T07,Chlorophyll a.allomer
4.78923248420792,RMO,AM,T07,Chlorophyll a.allomer
4.05921351876611,RMO,AM,T14,Chlorophyll a.allomer
7.19707888920919,RMO,AM,T14,Chlorophyll a.allomer
4.50276243093923,RMO,AM,T21,Chlorophyll a.allomer
6.13591832525523,RMO,AM,T21,Chlorophyll a.allomer
4.45261833317201,RMO,AM,T21,Chlorophyll a.allomer
7.65451254202224,RMO,AV,T07,Chlorophyll a.allomer
9.36217680570495,RMO,AV,T07,Chlorophyll a.allomer
8.50517771345012,RMO,AV,T07,Chlorophyll a.allomer
11.3087248322148,RMO,AV,T14,Chlorophyll a.allomer
2.52309389218255,RMO,AV,T14,Chlorophyll a.allomer
6.63624511082138,RMO,AV,T14,Chlorophyll a.allomer
39.3377483443709,RMO,AV,T21,Chlorophyll a.allomer
41.9139155871291,RMO,AV,T21,Chlorophyll a.allomer
16.7804323094425,RMO,AV,T21,Chlorophyll a.allomer
5.77367205542725,RPE,AM,T07,Chlorophyll a.allomer
4.72255017709563,RPE,AM,T07,Chlorophyll a.allomer
7.46965452847806,RPE,AM,T07,Chlorophyll a.allomer
14.8347943358058,RPE,AM,T14,Chlorophyll a.allomer
13.3738601823708,RPE,AM,T14,Chlorophyll a.allomer
11.9305856832972,RPE,AM,T14,Chlorophyll a.allomer
6.11776701503951,RPE,AM,T21,Chlorophyll a.allomer
10.5177993527508,RPE,AM,T21,Chlorophyll a.allomer
12.8553770086527,RPE,AM,T21,Chlorophyll a.allomer
3.77659737787467,RPE,AV,T07,Chlorophyll a.allomer
6.20417371686407,RPE,AV,T07,Chlorophyll a.allomer
4.46927374301676,RPE,AV,T07,Chlorophyll a.allomer
11.5007656967841,RPE,AV,T14,Chlorophyll a.allomer
3.55208665179994,RPE,AV,T14,Chlorophyll a.allomer
5.76223210675293,RPE,AV,T14,Chlorophyll a.allomer
0,GRG,AM,T07,Chlorophyll a.epimer
0,GRG,AM,T07,Chlorophyll a.epimer
0,GRG,AM,T07,Chlorophyll a.epimer
0,GRG,AM,T14,Chlorophyll a.epimer
0,GRG,AM,T14,Chlorophyll a.epimer
0,GRG,AM,T14,Chlorophyll a.epimer
0,GRG,AM,T21,Chlorophyll a.epimer
0.704887218045113,GRG,AM,T21,Chlorophyll a.epimer
0.793485069951973,GRG,AM,T21,Chlorophyll a.epimer
0.763045137054646,GRG,AV,T07,Chlorophyll a.epimer
0.82032051094249,GRG,AV,T07,Chlorophyll a.epimer
0.698055914278734,GRG,AV,T07,Chlorophyll a.epimer
0.572246065808298,GRG,AV,T14,Chlorophyll a.epimer
0.367122170099939,GRG,AV,T14,Chlorophyll a.epimer
0.528759350012897,GRG,AV,T14,Chlorophyll a.epimer
0.828764503378809,GRG,AV,T21,Chlorophyll a.epimer
0.770613922424865,GRG,AV,T21,Chlorophyll a.epimer
0.399460728017177,GRG,AV,T21,Chlorophyll a.epimer
0,RCA,AM,T07,Chlorophyll a.epimer
0,RCA,AM,T07,Chlorophyll a.epimer
0,RCA,AM,T07,Chlorophyll a.epimer
0,RCA,AM,T14,Chlorophyll a.epimer
0,RCA,AM,T14,Chlorophyll a.epimer
0.538744724791236,RCA,AM,T14,Chlorophyll a.epimer
0.637982195845697,RCA,AM,T21,Chlorophyll a.epimer
0.739523418241578,RCA,AM,T21,Chlorophyll a.epimer
0,RCA,AM,T21,Chlorophyll a.epimer
0.321368535548304,RCA,AM,T21,Chlorophyll a.epimer
0.919906782779345,RCA,AV,T07,Chlorophyll a.epimer
0.890349976029039,RCA,AV,T07,Chlorophyll a.epimer
0.896513558384062,RCA,AV,T07,Chlorophyll a.epimer
0.447052249231629,RCA,AV,T14,Chlorophyll a.epimer
0.258397932816538,RCA,AV,T14,Chlorophyll a.epimer
0.304533194118159,RCA,AV,T14,Chlorophyll a.epimer
0.986146982859826,RCA,AV,T21,Chlorophyll a.epimer
0.500786950922879,RCA,AV,T21,Chlorophyll a.epimer
0.592263557282991,RCA,AV,T21,Chlorophyll a.epimer
0,RCAR,AM,T07,Chlorophyll a.epimer
0,RCAR,AM,T07,Chlorophyll a.epimer
0,RCAR,AM,T07,Chlorophyll a.epimer
0.340163934426229,RCAR,AM,T14,Chlorophyll a.epimer
0,RCAR,AM,T14,Chlorophyll a.epimer
0,RCAR,AM,T14,Chlorophyll a.epimer
4.05790743584119,RCAR,AM,T21,Chlorophyll a.epimer
0,RCAR,AM,T21,Chlorophyll a.epimer
0,RCAR,AM,T21,Chlorophyll a.epimer
0.867439476381989,RCAR,AV,T07,Chlorophyll a.epimer
0,RCAR,AV,T07,Chlorophyll a.epimer
0,RCAR,AV,T07,Chlorophyll a.epimer
0.475285171102662,RCAR,AV,T14,Chlorophyll a.epimer
0.394477317554241,RCAR,AV,T14,Chlorophyll a.epimer
0.391604968488038,RCAR,AV,T14,Chlorophyll a.epimer
0.884308105141184,RCAR,AV,T21,Chlorophyll a.epimer
0.825527861565328,RCAR,AV,T21,Chlorophyll a.epimer
0.231318025761523,RCAR,AV,T21,Chlorophyll a.epimer
0,RGA,AM,T07,Chlorophyll a.epimer
0,RGA,AM,T07,Chlorophyll a.epimer
0,RGA,AM,T07,Chlorophyll a.epimer
0,RGA,AM,T14,Chlorophyll a.epimer
0,RGA,AM,T14,Chlorophyll a.epimer
0,RGA,AM,T14,Chlorophyll a.epimer
0,RGA,AM,T21,Chlorophyll a.epimer
0,RGA,AM,T21,Chlorophyll a.epimer
0,RGA,AV,T07,Chlorophyll a.epimer
0,RGA,AV,T07,Chlorophyll a.epimer
3.83620689655172,RGA,AV,T07,Chlorophyll a.epimer
0.655398413245947,RGA,AV,T14,Chlorophyll a.epimer
0.488793514544588,RGA,AV,T14,Chlorophyll a.epimer
0,RGA,AV,T14,Chlorophyll a.epimer
0.932893836681386,RGA,AV,T21,Chlorophyll a.epimer
0.875447672105054,RGA,AV,T21,Chlorophyll a.epimer
1.16907788981441,RGA,AV,T21,Chlorophyll a.epimer
0.526056222258754,RMO,AM,T07,Chlorophyll a.epimer
0.809121000367782,RMO,AM,T07,Chlorophyll a.epimer
0.578010817059576,RMO,AM,T07,Chlorophyll a.epimer
0.702953784234538,RMO,AM,T14,Chlorophyll a.epimer
0.230614009801095,RMO,AM,T14,Chlorophyll a.epimer
0.676795580110497,RMO,AM,T21,Chlorophyll a.epimer
0.438279880375374,RMO,AM,T21,Chlorophyll a.epimer
0.483980253605653,RMO,AM,T21,Chlorophyll a.epimer
0.620636152055857,RMO,AV,T07,Chlorophyll a.epimer
0.517907653081551,RMO,AV,T07,Chlorophyll a.epimer
0.775910949297204,RMO,AV,T07,Chlorophyll a.epimer
0.724832214765101,RMO,AV,T14,Chlorophyll a.epimer
1.81993657796774,RMO,AV,T14,Chlorophyll a.epimer
0.430247718383312,RMO,AV,T14,Chlorophyll a.epimer
0.450331125827815,RMO,AV,T21,Chlorophyll a.epimer
0.73129962390305,RMO,AV,T21,Chlorophyll a.epimer
0.805839969662495,RMO,AV,T21,Chlorophyll a.epimer
0,RPE,AM,T07,Chlorophyll a.epimer
0,RPE,AM,T07,Chlorophyll a.epimer
0,RPE,AM,T07,Chlorophyll a.epimer
0,RPE,AM,T14,Chlorophyll a.epimer
0,RPE,AM,T14,Chlorophyll a.epimer
0,RPE,AM,T14,Chlorophyll a.epimer
0,RPE,AM,T21,Chlorophyll a.epimer
0,RPE,AM,T21,Chlorophyll a.epimer
0,RPE,AM,T21,Chlorophyll a.epimer
0.951825355399306,RPE,AV,T07,Chlorophyll a.epimer
0,RPE,AV,T07,Chlorophyll a.epimer
0,RPE,AV,T07,Chlorophyll a.epimer
0.413476263399694,RPE,AV,T14,Chlorophyll a.epimer
0.430073271742593,RPE,AV,T14,Chlorophyll a.epimer
0.323493732308937,RPE,AV,T14,Chlorophyll a.epimer
4.64700625558534,GRG,AM,T07,Chlorophyll b
5.3391959798995,GRG,AM,T07,Chlorophyll b
4.48514296393198,GRG,AM,T07,Chlorophyll b
1.87441424554827,GRG,AM,T14,Chlorophyll b
1.71232876712329,GRG,AM,T14,Chlorophyll b
4.31034482758621,GRG,AM,T14,Chlorophyll b
2.86168521462639,GRG,AM,T21,Chlorophyll b
1.92669172932331,GRG,AM,T21,Chlorophyll b
2.08811860513677,GRG,AM,T21,Chlorophyll b
1.99565651229677,GRG,AV,T07,Chlorophyll b
1.40626373304427,GRG,AV,T07,Chlorophyll b
3.35066838853792,GRG,AV,T07,Chlorophyll b
1.43814471801822,GRG,AV,T14,Chlorophyll b
2.51886600040791,GRG,AV,T14,Chlorophyll b
5.339179778179,GRG,AV,T14,Chlorophyll b
7.20387606783119,GRG,AV,T21,Chlorophyll b
4.85486771127665,GRG,AV,T21,Chlorophyll b
3.47031507464922,GRG,AV,T21,Chlorophyll b
2.08568207440812,RCA,AM,T07,Chlorophyll b
10.5614230127849,RCA,AM,T07,Chlorophyll b
10.8588351431392,RCA,AM,T07,Chlorophyll b
2.73722627737226,RCA,AM,T14,Chlorophyll b
2.15561068857526,RCA,AM,T14,Chlorophyll b
3.99569004220167,RCA,AM,T14,Chlorophyll b
1.92878338278932,RCA,AM,T21,Chlorophyll b
1.31470829909614,RCA,AM,T21,Chlorophyll b
1.35709762055551,RCA,AM,T21,Chlorophyll b
1.58212202116088,RCA,AM,T21,Chlorophyll b
11.6521525818717,RCA,AV,T07,Chlorophyll b
11.3005958495993,RCA,AV,T07,Chlorophyll b
11.1787493082457,RCA,AV,T07,Chlorophyll b
6.5101983794356,RCA,AV,T14,Chlorophyll b
10.0046379116147,RCA,AV,T14,Chlorophyll b
7.98312016009745,RCA,AV,T14,Chlorophyll b
7.53698051185724,RCA,AV,T21,Chlorophyll b
2.50393475461439,RCA,AV,T21,Chlorophyll b
3.57825899191807,RCA,AV,T21,Chlorophyll b
26.531360802054,RCAR,AM,T07,Chlorophyll b
27.5621118012422,RCAR,AM,T07,Chlorophyll b
26.0436614324014,RCAR,AM,T07,Chlorophyll b
11.3114754098361,RCAR,AM,T14,Chlorophyll b
16.7647811620169,RCAR,AM,T14,Chlorophyll b
15.2124307291101,RCAR,AM,T14,Chlorophyll b
5.26431234919939,RCAR,AM,T21,Chlorophyll b
9.02029566524681,RCAR,AM,T21,Chlorophyll b
10.4258561231855,RCAR,AM,T21,Chlorophyll b
6.46636700575664,RCAR,AV,T07,Chlorophyll b
10.7414590481874,RCAR,AV,T07,Chlorophyll b
11.6458827166856,RCAR,AV,T07,Chlorophyll b
19.5274307441608,RCAR,AV,T14,Chlorophyll b
12.8917378917379,RCAR,AV,T14,Chlorophyll b
13.8346692773665,RCAR,AV,T14,Chlorophyll b
8.75160090260413,RCAR,AV,T21,Chlorophyll b
8.63629147483728,RCAR,AV,T21,Chlorophyll b
6.50125398719229,RCAR,AV,T21,Chlorophyll b
2.32558139534884,RGA,AM,T07,Chlorophyll b
3.47222222222222,RGA,AM,T07,Chlorophyll b
0,RGA,AM,T07,Chlorophyll b
1.11953773925605,RGA,AM,T14,Chlorophyll b
0,RGA,AM,T14,Chlorophyll b
2.04183266932271,RGA,AM,T14,Chlorophyll b
0.750897812602024,RGA,AM,T21,Chlorophyll b
0.753941055517478,RGA,AM,T21,Chlorophyll b
10.2672504907142,RGA,AV,T07,Chlorophyll b
15.5493244965588,RGA,AV,T07,Chlorophyll b
11.6379310344828,RGA,AV,T07,Chlorophyll b
12.3835805450155,RGA,AV,T14,Chlorophyll b
9.95469718645684,RGA,AV,T14,Chlorophyll b
13.2331097807985,RGA,AV,T14,Chlorophyll b
9.20455252192301,RGA,AV,T21,Chlorophyll b
10.1472343812177,RGA,AV,T21,Chlorophyll b
9.57182522285547,RGA,AV,T21,Chlorophyll b
7.94564085703326,RMO,AM,T07,Chlorophyll b
8.78999632217727,RMO,AM,T07,Chlorophyll b
11.931794723587,RMO,AM,T07,Chlorophyll b
6.20253339030475,RMO,AM,T14,Chlorophyll b
5.54434515230134,RMO,AM,T14,Chlorophyll b
4.72375690607735,RMO,AM,T21,Chlorophyll b
4.64061049809219,RMO,AM,T21,Chlorophyll b
4.3235569322105,RMO,AM,T21,Chlorophyll b
7.91311093871218,RMO,AV,T07,Chlorophyll b
8.12716624835664,RMO,AV,T07,Chlorophyll b
7.72926676415291,RMO,AV,T07,Chlorophyll b
10.7919463087248,RMO,AV,T14,Chlorophyll b
6.8936991589687,RMO,AV,T14,Chlorophyll b
7.44458930899609,RMO,AV,T14,Chlorophyll b
5.6953642384106,RMO,AV,T21,Chlorophyll b
8.06519013790222,RMO,AV,T21,Chlorophyll b
6.49412210845658,RMO,AV,T21,Chlorophyll b
5.19630484988453,RPE,AM,T07,Chlorophyll b
7.6741440377804,RPE,AM,T07,Chlorophyll b
4.85527544351074,RPE,AM,T07,Chlorophyll b
6.40593391773432,RPE,AM,T14,Chlorophyll b
18.2370820668693,RPE,AM,T14,Chlorophyll b
14.0997830802603,RPE,AM,T14,Chlorophyll b
5.35304613815957,RPE,AM,T21,Chlorophyll b
5.25889967637541,RPE,AM,T21,Chlorophyll b
3.21384425216316,RPE,AM,T21,Chlorophyll b
17.7162332279161,RPE,AV,T07,Chlorophyll b
20.868584320361,RPE,AV,T07,Chlorophyll b
24.9534450651769,RPE,AV,T07,Chlorophyll b
17.5038284839204,RPE,AV,T14,Chlorophyll b
12.8066263141128,RPE,AV,T14,Chlorophyll b
11.0190052567732,RPE,AV,T14,Chlorophyll b
1.42984807864164,GRG,AM,T07,Chlorophyll c2
0,GRG,AM,T07,Chlorophyll c2
1.36423098486264,GRG,AM,T07,Chlorophyll c2
0,GRG,AM,T14,Chlorophyll c2
2.28310502283105,GRG,AM,T14,Chlorophyll c2
1.04679802955665,GRG,AM,T14,Chlorophyll c2
0.794912559618442,GRG,AM,T21,Chlorophyll c2
4.13533834586466,GRG,AM,T21,Chlorophyll c2
3.236583837962,GRG,AM,T21,Chlorophyll c2
4.16740036391383,GRG,AV,T07,Chlorophyll c2
5.21489467670583,GRG,AV,T07,Chlorophyll c2
5.09580817423476,GRG,AV,T07,Chlorophyll c2
4.3370228145471,GRG,AV,T14,Chlorophyll c2
1.91719355496635,GRG,AV,T14,Chlorophyll c2
5.31338663915399,GRG,AV,T14,Chlorophyll c2
2.29504016320286,GRG,AV,T21,Chlorophyll c2
3.85306961212433,GRG,AV,T21,Chlorophyll c2
3.59514655215459,GRG,AV,T21,Chlorophyll c2
0,RCA,AM,T07,Chlorophyll c2
0,RCA,AM,T07,Chlorophyll c2
0,RCA,AM,T07,Chlorophyll c2
3.19343065693431,RCA,AM,T14,Chlorophyll c2
3.29442388253955,RCA,AM,T14,Chlorophyll c2
2.46924665529317,RCA,AM,T14,Chlorophyll c2
5.11869436201781,RCA,AM,T21,Chlorophyll c2
5.34100246507806,RCA,AM,T21,Chlorophyll c2
4.52365873518502,RCA,AM,T21,Chlorophyll c2
5.611589043805,RCA,AM,T21,Chlorophyll c2
4.04758984422912,RCA,AV,T07,Chlorophyll c2
3.90384220258886,RCA,AV,T07,Chlorophyll c2
3.20973990038738,RCA,AV,T07,Chlorophyll c2
3.43671416596815,RCA,AV,T14,Chlorophyll c2
3.94222487245743,RCA,AV,T14,Chlorophyll c2
4.82902636387366,RCA,AV,T14,Chlorophyll c2
3.35759567973703,RCA,AV,T21,Chlorophyll c2
5.04364000572328,RCA,AV,T21,Chlorophyll c2
4.07181195632056,RCA,AV,T21,Chlorophyll c2
0,RCAR,AM,T07,Chlorophyll c2
0,RCAR,AM,T07,Chlorophyll c2
0,RCAR,AM,T07,Chlorophyll c2
2.21311475409836,RCAR,AM,T14,Chlorophyll c2
1.79165600204761,RCAR,AM,T14,Chlorophyll c2
1.90155384113876,RCAR,AM,T14,Chlorophyll c2
0.767712217591577,RCAR,AM,T21,Chlorophyll c2
2.33859517247139,RCAR,AM,T21,Chlorophyll c2
2.24556901114765,RCAR,AM,T21,Chlorophyll c2
3.62747417396104,RCAR,AV,T07,Chlorophyll c2
1.93943010592272,RCAR,AV,T07,Chlorophyll c2
2.47346181593322,RCAR,AV,T07,Chlorophyll c2
1.71102661596958,RCAR,AV,T14,Chlorophyll c2
2.53122945430638,RCAR,AV,T14,Chlorophyll c2
2.5576699504375,RCAR,AV,T14,Chlorophyll c2
4.26907361102641,RCAR,AV,T21,Chlorophyll c2
4.19114145102397,RCAR,AV,T21,Chlorophyll c2
4.94290097153571,RCAR,AV,T21,Chlorophyll c2
5.02114164904862,RGA,AM,T07,Chlorophyll c2
0,RGA,AM,T07,Chlorophyll c2
0,RGA,AM,T07,Chlorophyll c2
0,RGA,AM,T14,Chlorophyll c2
0,RGA,AM,T14,Chlorophyll c2
10.707171314741,RGA,AM,T14,Chlorophyll c2
2.12210251387529,RGA,AM,T21,Chlorophyll c2
2.46744345442084,RGA,AM,T21,Chlorophyll c2
1.17771402687604,RGA,AV,T07,Chlorophyll c2
0,RGA,AV,T07,Chlorophyll c2
0,RGA,AV,T07,Chlorophyll c2
1.00034494653329,RGA,AV,T14,Chlorophyll c2
2.02670481640439,RGA,AV,T14,Chlorophyll c2
0.900211549714183,RGA,AV,T14,Chlorophyll c2
1.99017351825362,RGA,AV,T21,Chlorophyll c2
1.94986072423398,RGA,AV,T21,Chlorophyll c2
1.38827999415461,RGA,AV,T21,Chlorophyll c2
2.84947120390158,RMO,AM,T07,Chlorophyll c2
2.61125413755057,RMO,AM,T07,Chlorophyll c2
1.89917839891004,RMO,AM,T07,Chlorophyll c2
3.48720210610467,RMO,AM,T14,Chlorophyll c2
5.2849043912751,RMO,AM,T14,Chlorophyll c2
4.17127071823204,RMO,AM,T21,Chlorophyll c2
4.07342477054759,RMO,AM,T21,Chlorophyll c2
3.58145387668183,RMO,AM,T21,Chlorophyll c2
2.43082492888544,RMO,AV,T07,Chlorophyll c2
2.0716306123262,RMO,AV,T07,Chlorophyll c2
2.29789011907249,RMO,AV,T07,Chlorophyll c2
2.20805369127517,RMO,AV,T14,Chlorophyll c2
1.02026747552737,RMO,AV,T14,Chlorophyll c2
5.6844850065189,RMO,AV,T14,Chlorophyll c2
3.60264900662252,RMO,AV,T21,Chlorophyll c2
2.50731299623903,RMO,AV,T21,Chlorophyll c2
1.61167993932499,RMO,AV,T21,Chlorophyll c2
13.2794457274827,RPE,AM,T07,Chlorophyll c2
4.42739079102715,RPE,AM,T07,Chlorophyll c2
4.10830999066293,RPE,AM,T07,Chlorophyll c2
0,RPE,AM,T14,Chlorophyll c2
0,RPE,AM,T14,Chlorophyll c2
10.5206073752711,RPE,AM,T14,Chlorophyll c2
1.78434871271986,RPE,AM,T21,Chlorophyll c2
0,RPE,AM,T21,Chlorophyll c2
0.840543881334981,RPE,AM,T21,Chlorophyll c2
1.50449814240535,RPE,AV,T07,Chlorophyll c2
0,RPE,AV,T07,Chlorophyll c2
0,RPE,AV,T07,Chlorophyll c2
2.57274119448698,RPE,AV,T14,Chlorophyll c2
2.2937241159605,RPE,AV,T14,Chlorophyll c2
2.62838657501011,RPE,AV,T14,Chlorophyll c2
0,GRG,AM,T07,Chlorophyll c3
0,GRG,AM,T07,Chlorophyll c3
0,GRG,AM,T07,Chlorophyll c3
0,GRG,AM,T14,Chlorophyll c3
0.753424657534247,GRG,AM,T14,Chlorophyll c3
0,GRG,AM,T14,Chlorophyll c3
2.7027027027027,GRG,AM,T21,Chlorophyll c3
0,GRG,AM,T21,Chlorophyll c3
1.67049488410942,GRG,AM,T21,Chlorophyll c3
0,GRG,AV,T07,Chlorophyll c3
0.585943222101778,GRG,AV,T07,Chlorophyll c3
0.907472688562354,GRG,AV,T07,Chlorophyll c3
0.534598298320909,GRG,AV,T14,Chlorophyll c3
0.254945951458291,GRG,AV,T14,Chlorophyll c3
1.998968274439,GRG,AV,T14,Chlorophyll c3
0,GRG,AV,T21,Chlorophyll c3
0,GRG,AV,T21,Chlorophyll c3
1.27328107055475,GRG,AV,T21,Chlorophyll c3
0,RCA,AM,T07,Chlorophyll c3
0,RCA,AM,T07,Chlorophyll c3
0,RCA,AM,T07,Chlorophyll c3
0,RCA,AM,T14,Chlorophyll c3
0,RCA,AM,T14,Chlorophyll c3
0,RCA,AM,T14,Chlorophyll c3
0.667655786350148,RCA,AM,T21,Chlorophyll c3
1.15036976170912,RCA,AM,T21,Chlorophyll c3
0.615217587985162,RCA,AM,T21,Chlorophyll c3
0.543854444774053,RCA,AM,T21,Chlorophyll c3
0,RCA,AV,T07,Chlorophyll c3
0.636942675159236,RCA,AV,T07,Chlorophyll c3
0.597675705589375,RCA,AV,T07,Chlorophyll c3
0,RCA,AV,T14,Chlorophyll c3
0.397535281256211,RCA,AV,T14,Chlorophyll c3
0.783085356303837,RCA,AV,T14,Chlorophyll c3
0,RCA,AV,T21,Chlorophyll c3
0.715409929889827,RCA,AV,T21,Chlorophyll c3
0.567585909062866,RCA,AV,T21,Chlorophyll c3
0,RCAR,AM,T07,Chlorophyll c3
0,RCAR,AM,T07,Chlorophyll c3
0,RCAR,AM,T07,Chlorophyll c3
0.450819672131148,RCAR,AM,T14,Chlorophyll c3
0,RCAR,AM,T14,Chlorophyll c3
0,RCAR,AM,T14,Chlorophyll c3
2.13862689186225,RCAR,AM,T21,Chlorophyll c3
0.467719034494279,RCAR,AM,T21,Chlorophyll c3
0.497233138182693,RCAR,AM,T21,Chlorophyll c3
0.536235312672502,RCAR,AV,T07,Chlorophyll c3
0.432642100551992,RCAR,AV,T07,Chlorophyll c3
0.783262908378852,RCAR,AV,T07,Chlorophyll c3
0.217273221075502,RCAR,AV,T14,Chlorophyll c3
0.241069471838703,RCAR,AV,T14,Chlorophyll c3
0.458912072446919,RCAR,AV,T14,Chlorophyll c3
0.228700372019272,RCAR,AV,T21,Chlorophyll c3
0.193681536751865,RCAR,AV,T21,Chlorophyll c3
0.462636051523047,RCAR,AV,T21,Chlorophyll c3
3.17124735729387,RGA,AM,T07,Chlorophyll c3
0,RGA,AM,T07,Chlorophyll c3
0,RGA,AM,T07,Chlorophyll c3
0,RGA,AM,T14,Chlorophyll c3
1.52598950882213,RGA,AM,T14,Chlorophyll c3
0.846613545816733,RGA,AM,T14,Chlorophyll c3
0,RGA,AM,T21,Chlorophyll c3
0,RGA,AM,T21,Chlorophyll c3
0,RGA,AV,T07,Chlorophyll c3
0,RGA,AV,T07,Chlorophyll c3
0,RGA,AV,T07,Chlorophyll c3
0,RGA,AV,T14,Chlorophyll c3
0.208631378159275,RGA,AV,T14,Chlorophyll c3
0,RGA,AV,T14,Chlorophyll c3
0,RGA,AV,T21,Chlorophyll c3
0,RGA,AV,T21,Chlorophyll c3
0.445710945491743,RGA,AV,T21,Chlorophyll c3
0.328785138911721,RMO,AM,T07,Chlorophyll c3
0.319970577418168,RMO,AM,T07,Chlorophyll c3
0.260104867676809,RMO,AM,T07,Chlorophyll c3
0.399718818486306,RMO,AM,T14,Chlorophyll c3
0.499663687902373,RMO,AM,T14,Chlorophyll c3
0.248618784530387,RMO,AM,T21,Chlorophyll c3
0.335155202639992,RMO,AM,T21,Chlorophyll c3
0.241990126802826,RMO,AM,T21,Chlorophyll c3
0.356865787432118,RMO,AV,T07,Chlorophyll c3
0.557746703318593,RMO,AV,T07,Chlorophyll c3
0.507326389925095,RMO,AV,T07,Chlorophyll c3
0.174496644295302,RMO,AV,T14,Chlorophyll c3
0.74451950916862,RMO,AV,T14,Chlorophyll c3
0.365058670143416,RMO,AV,T14,Chlorophyll c3
0.503311258278146,RMO,AV,T21,Chlorophyll c3
0.459674049310489,RMO,AV,T21,Chlorophyll c3
0.663632916192643,RMO,AV,T21,Chlorophyll c3
1.96304849884527,RPE,AM,T07,Chlorophyll c3
1.59386068476978,RPE,AM,T07,Chlorophyll c3
0,RPE,AM,T07,Chlorophyll c3
0,RPE,AM,T14,Chlorophyll c3
0,RPE,AM,T14,Chlorophyll c3
0,RPE,AM,T14,Chlorophyll c3
0,RPE,AM,T21,Chlorophyll c3
0,RPE,AM,T21,Chlorophyll c3
0,RPE,AM,T21,Chlorophyll c3
0.254843562897234,RPE,AV,T07,Chlorophyll c3
0,RPE,AV,T07,Chlorophyll c3
0,RPE,AV,T07,Chlorophyll c3
0.781010719754977,RPE,AV,T14,Chlorophyll c3
0.302644154189232,RPE,AV,T14,Chlorophyll c3
0.68742418115649,RPE,AV,T14,Chlorophyll c3
0,GRG,AM,T07,Chlorophylide a
0,GRG,AM,T07,Chlorophylide a
0,GRG,AM,T07,Chlorophylide a
0,GRG,AM,T14,Chlorophylide a
0.662100456621005,GRG,AM,T14,Chlorophylide a
0,GRG,AM,T14,Chlorophylide a
0,GRG,AM,T21,Chlorophylide a
0,GRG,AM,T21,Chlorophylide a
0.511589058258509,GRG,AM,T21,Chlorophylide a
0,GRG,AV,T07,Chlorophylide a
0.351565933261067,GRG,AV,T07,Chlorophylide a
0.52354193570905,GRG,AV,T07,Chlorophylide a
0,GRG,AV,T14,Chlorophylide a
0.214154599224964,GRG,AV,T14,Chlorophylide a
0.309517668300232,GRG,AV,T14,Chlorophylide a
0,GRG,AV,T21,Chlorophylide a
0,GRG,AV,T21,Chlorophylide a
0.399460728017177,GRG,AV,T21,Chlorophylide a
0,RCA,AM,T07,Chlorophylide a
0,RCA,AM,T07,Chlorophylide a
0,RCA,AM,T07,Chlorophylide a
0,RCA,AM,T14,Chlorophylide a
0,RCA,AM,T14,Chlorophylide a
0,RCA,AM,T14,Chlorophylide a
0,RCA,AM,T21,Chlorophylide a
0.419063270336894,RCA,AM,T21,Chlorophylide a
0.271419524111101,RCA,AM,T21,Chlorophylide a
0.296647878967665,RCA,AM,T21,Chlorophylide a
0.417024408193303,RCA,AV,T07,Chlorophylide a
0.458872679953428,RCA,AV,T07,Chlorophylide a
0.409518539014942,RCA,AV,T07,Chlorophylide a
0,RCA,AV,T14,Chlorophylide a
0.235208374743258,RCA,AV,T14,Chlorophylide a
0.348037936135039,RCA,AV,T14,Chlorophylide a
0,RCA,AV,T21,Chlorophylide a
0.218200028616397,RCA,AV,T21,Chlorophylide a
0.228268246036153,RCA,AV,T21,Chlorophylide a
0,RCAR,AM,T07,Chlorophylide a
0,RCAR,AM,T07,Chlorophylide a
0,RCAR,AM,T07,Chlorophylide a
0.409836065573771,RCAR,AM,T14,Chlorophylide a
0,RCAR,AM,T14,Chlorophylide a
0,RCAR,AM,T14,Chlorophylide a
1.04189515244571,RCAR,AM,T21,Chlorophylide a
0.233859517247139,RCAR,AM,T21,Chlorophylide a
0.216537011789237,RCAR,AM,T21,Chlorophylide a
0.35486160397445,RCAR,AV,T07,Chlorophylide a
0,RCAR,AV,T07,Chlorophylide a
0,RCAR,AV,T07,Chlorophylide a
0.162954915806627,RCAR,AV,T14,Chlorophylide a
0.131492439184747,RCAR,AV,T14,Chlorophylide a
0.232515450039772,RCAR,AV,T14,Chlorophylide a
0.155516252973105,RCAR,AV,T21,Chlorophylide a
0.317510715986665,RCAR,AV,T21,Chlorophylide a
0.340889722174876,RCAR,AV,T21,Chlorophylide a
0,RGA,AM,T07,Chlorophylide a
0,RGA,AM,T07,Chlorophylide a
0,RGA,AM,T07,Chlorophylide a
0,RGA,AM,T14,Chlorophylide a
0,RGA,AM,T14,Chlorophylide a
0,RGA,AM,T14,Chlorophylide a
0,RGA,AM,T21,Chlorophylide a
0,RGA,AM,T21,Chlorophylide a
0,RGA,AV,T07,Chlorophylide a
0,RGA,AV,T07,Chlorophylide a
0,RGA,AV,T07,Chlorophylide a
0,RGA,AV,T14,Chlorophylide a
0.327849308536004,RGA,AV,T14,Chlorophylide a
0,RGA,AV,T14,Chlorophylide a
0,RGA,AV,T21,Chlorophylide a
0,RGA,AV,T21,Chlorophylide a
0.321496419698962,RGA,AV,T21,Chlorophylide a
0.361663652802893,RMO,AM,T07,Chlorophylide a
0.257447591026113,RMO,AM,T07,Chlorophylide a
0.305520003302919,RMO,AM,T07,Chlorophylide a
0.206751113010158,RMO,AM,T14,Chlorophylide a
0.172960507350822,RMO,AM,T14,Chlorophylide a
0.138121546961326,RMO,AM,T21,Chlorophylide a
0.128905847169228,RMO,AM,T21,Chlorophylide a
0.132287935985545,RMO,AM,T21,Chlorophylide a
0.30514610809413,RMO,AV,T07,Chlorophylide a
0.143420580853352,RMO,AV,T07,Chlorophylide a
0.265600286490197,RMO,AV,T07,Chlorophylide a
0,RMO,AV,T14,Chlorophylide a
0,RMO,AV,T14,Chlorophylide a
0.312907431551499,RMO,AV,T14,Chlorophylide a
0,RMO,AV,T21,Chlorophylide a
0,RMO,AV,T21,Chlorophylide a
0.232271520667425,RMO,AV,T21,Chlorophylide a
0,RPE,AM,T07,Chlorophylide a
0,RPE,AM,T07,Chlorophylide a
0,RPE,AM,T07,Chlorophylide a
0,RPE,AM,T14,Chlorophylide a
0,RPE,AM,T14,Chlorophylide a
0,RPE,AM,T14,Chlorophylide a
0,RPE,AM,T21,Chlorophylide a
0,RPE,AM,T21,Chlorophylide a
0,RPE,AM,T21,Chlorophylide a
0.307040437225583,RPE,AV,T07,Chlorophylide a
0,RPE,AV,T07,Chlorophylide a
0,RPE,AV,T07,Chlorophylide a
0.275650842266463,RPE,AV,T14,Chlorophylide a
0.191143676330041,RPE,AV,T14,Chlorophylide a
0.404367165386171,RPE,AV,T14,Chlorophylide a
0,GRG,AM,T07,Chlorophylide b
0,GRG,AM,T07,Chlorophylide b
0,GRG,AM,T07,Chlorophylide b
0,GRG,AM,T14,Chlorophylide b
0,GRG,AM,T14,Chlorophylide b
0,GRG,AM,T14,Chlorophylide b
0,GRG,AM,T21,Chlorophylide b
0,GRG,AM,T21,Chlorophylide b
0,GRG,AM,T21,Chlorophylide b
0,GRG,AV,T07,Chlorophylide b
0,GRG,AV,T07,Chlorophylide b
0,GRG,AV,T07,Chlorophylide b
0,GRG,AV,T14,Chlorophylide b
0.275341627574954,GRG,AV,T14,Chlorophylide b
0.502966210987877,GRG,AV,T14,Chlorophylide b
0,GRG,AV,T21,Chlorophylide b
0,GRG,AV,T21,Chlorophylide b
0.299595546012883,GRG,AV,T21,Chlorophylide b
0,RCA,AM,T07,Chlorophylide b
0,RCA,AM,T07,Chlorophylide b
0,RCA,AM,T07,Chlorophylide b
0,RCA,AM,T14,Chlorophylide b
0,RCA,AM,T14,Chlorophylide b
0,RCA,AM,T14,Chlorophylide b
0,RCA,AM,T21,Chlorophylide b
0,RCA,AM,T21,Chlorophylide b
0,RCA,AM,T21,Chlorophylide b
0,RCA,AM,T21,Chlorophylide b
0,RCA,AV,T07,Chlorophylide b
0.424628450106157,RCA,AV,T07,Chlorophylide b
0.354178195904815,RCA,AV,T07,Chlorophylide b
0,RCA,AV,T14,Chlorophylide b
0.271649108858411,RCA,AV,T14,Chlorophylide b
0.261028452101279,RCA,AV,T14,Chlorophylide b
0,RCA,AV,T21,Chlorophylide b
0,RCA,AV,T21,Chlorophylide b
0,RCA,AV,T21,Chlorophylide b
0,RCAR,AM,T07,Chlorophylide b
0,RCAR,AM,T07,Chlorophylide b
0,RCAR,AM,T07,Chlorophylide b
0.491803278688525,RCAR,AM,T14,Chlorophylide b
0,RCAR,AM,T14,Chlorophylide b
0.472671954797349,RCAR,AM,T14,Chlorophylide b
0.252248300065804,RCAR,AM,T21,Chlorophylide b
0.242211642863109,RCAR,AM,T21,Chlorophylide b
0.256636458416874,RCAR,AM,T21,Chlorophylide b
0.512577872407539,RCAR,AV,T07,Chlorophylide b
0,RCAR,AV,T07,Chlorophylide b
0,RCAR,AV,T07,Chlorophylide b
1.18142313959804,RCAR,AV,T14,Chlorophylide b
0.843743151435459,RCAR,AV,T14,Chlorophylide b
1.63372697791103,RCAR,AV,T14,Chlorophylide b
0.396413978166738,RCAR,AV,T21,Chlorophylide b
0.295284965867598,RCAR,AV,T21,Chlorophylide b
0.36523898804451,RCAR,AV,T21,Chlorophylide b
0,RGA,AM,T07,Chlorophylide b
0,RGA,AM,T07,Chlorophylide b
0,RGA,AM,T07,Chlorophylide b
0,RGA,AM,T14,Chlorophylide b
0,RGA,AM,T14,Chlorophylide b
0,RGA,AM,T14,Chlorophylide b
0,RGA,AM,T21,Chlorophylide b
0,RGA,AM,T21,Chlorophylide b
0,RGA,AV,T07,Chlorophylide b
0,RGA,AV,T07,Chlorophylide b
0,RGA,AV,T07,Chlorophylide b
0,RGA,AV,T14,Chlorophylide b
0.214592274678112,RGA,AV,T14,Chlorophylide b
0,RGA,AV,T14,Chlorophylide b
0,RGA,AV,T21,Chlorophylide b
0,RGA,AV,T21,Chlorophylide b
0.336109893321643,RGA,AV,T21,Chlorophylide b
0.164392569455861,RMO,AM,T07,Chlorophylide b
0.209635895549835,RMO,AM,T07,Chlorophylide b
0.189917839891004,RMO,AM,T07,Chlorophylide b
0.124050667806095,RMO,AM,T14,Chlorophylide b
0.192178341500913,RMO,AM,T14,Chlorophylide b
0.37292817679558,RMO,AM,T21,Chlorophylide b
0.226874291017841,RMO,AM,T21,Chlorophylide b
0.238763591778789,RMO,AM,T21,Chlorophylide b
0.17584690974916,RMO,AV,T07,Chlorophylide b
0.127484960758536,RMO,AV,T07,Chlorophylide b
0.12832373392223,RMO,AV,T07,Chlorophylide b
0,RMO,AV,T14,Chlorophylide b
0,RMO,AV,T14,Chlorophylide b
0.234680573663624,RMO,AV,T14,Chlorophylide b
0,RMO,AV,T21,Chlorophylide b
0,RMO,AV,T21,Chlorophylide b
0,RMO,AV,T21,Chlorophylide b
0,RPE,AM,T07,Chlorophylide b
0,RPE,AM,T07,Chlorophylide b
0,RPE,AM,T07,Chlorophylide b
0,RPE,AM,T14,Chlorophylide b
0,RPE,AM,T14,Chlorophylide b
0,RPE,AM,T14,Chlorophylide b
0,RPE,AM,T21,Chlorophylide b
0,RPE,AM,T21,Chlorophylide b
0,RPE,AM,T21,Chlorophylide b
1.90365071079861,RPE,AV,T07,Chlorophylide b
0,RPE,AV,T07,Chlorophylide b
0,RPE,AV,T07,Chlorophylide b
1.16385911179173,RPE,AV,T14,Chlorophylide b
0.987575661038547,RPE,AV,T14,Chlorophylide b
1.01091791346543,RPE,AV,T14,Chlorophylide b
4.11081322609473,GRG,AM,T07,Diadinoxanthin
5.3391959798995,GRG,AM,T07,Diadinoxanthin
3.73761913660998,GRG,AM,T07,Diadinoxanthin
3.37394564198688,GRG,AM,T14,Diadinoxanthin
3.42465753424658,GRG,AM,T14,Diadinoxanthin
2.77093596059113,GRG,AM,T14,Diadinoxanthin
2.38473767885533,GRG,AM,T21,Diadinoxanthin
2.44360902255639,GRG,AM,T21,Diadinoxanthin
3.13217790770516,GRG,AM,T21,Diadinoxanthin
4.75435816164818,GRG,AV,T07,Diadinoxanthin
2.98831043271907,GRG,AV,T07,Diadinoxanthin
3.52518236710761,GRG,AV,T07,Diadinoxanthin
9.35170544386718,GRG,AV,T14,Diadinoxanthin
6.55720987150724,GRG,AV,T14,Diadinoxanthin
5.75187000257931,GRG,AV,T14,Diadinoxanthin
4.14382251689405,GRG,AV,T21,Diadinoxanthin
4.46956075006422,GRG,AV,T21,Diadinoxanthin
3.59514655215459,GRG,AV,T21,Diadinoxanthin
3.15670800450958,RCA,AM,T07,Diadinoxanthin
2.72373540856031,RCA,AM,T07,Diadinoxanthin
2.33629483382692,RCA,AM,T07,Diadinoxanthin
2.64598540145985,RCA,AM,T14,Diadinoxanthin
2.88770488469516,RCA,AM,T14,Diadinoxanthin
2.78351441142139,RCA,AM,T14,Diadinoxanthin
3.18991097922849,RCA,AM,T21,Diadinoxanthin
2.71158586688578,RCA,AM,T21,Diadinoxanthin
2.71419524111101,RCA,AM,T21,Diadinoxanthin
2.52150697122516,RCA,AM,T21,Diadinoxanthin
1.90114068441065,RCA,AV,T07,Diadinoxanthin
1.71221149236354,RCA,AV,T07,Diadinoxanthin
1.99225235196458,RCA,AV,T07,Diadinoxanthin
2.84995808885163,RCA,AV,T14,Diadinoxanthin
2.02080434638574,RCA,AV,T14,Diadinoxanthin
2.15348472983555,RCA,AV,T14,Diadinoxanthin
1.66705799483447,RCA,AV,T21,Diadinoxanthin
3.64859064243812,RCA,AV,T21,Diadinoxanthin
4.75044728237399,RCA,AV,T21,Diadinoxanthin
0.965888250397359,RCAR,AM,T07,Diadinoxanthin
0.439958592132505,RCAR,AM,T07,Diadinoxanthin
0.823439295289161,RCAR,AM,T07,Diadinoxanthin
1.92622950819672,RCAR,AM,T14,Diadinoxanthin
1.47171743025339,RCAR,AM,T14,Diadinoxanthin
1.30392263392372,RCAR,AM,T14,Diadinoxanthin
0.987058565474885,RCAR,AM,T21,Diadinoxanthin
2.42211642863109,RCAR,AM,T21,Diadinoxanthin
2.40596679765819,RCAR,AM,T21,Diadinoxanthin
2.20802775806324,RCAR,AV,T07,Diadinoxanthin
2.3869908995972,RCAR,AV,T07,Diadinoxanthin
2.16427908894156,RCAR,AV,T07,Diadinoxanthin
1.30363932645301,RCAR,AV,T14,Diadinoxanthin
2.01621740083279,RCAR,AV,T14,Diadinoxanthin
1.34614207917763,RCAR,AV,T14,Diadinoxanthin
1.89058974202598,RCAR,AV,T21,Diadinoxanthin
1.71455786632799,RCAR,AV,T21,Diadinoxanthin
2.60537144805084,RCAR,AV,T21,Diadinoxanthin
3.69978858350951,RGA,AM,T07,Diadinoxanthin
4.26587301587302,RGA,AM,T07,Diadinoxanthin
6.45879732739421,RGA,AM,T07,Diadinoxanthin
4.33369447453954,RGA,AM,T14,Diadinoxanthin
3.86266094420601,RGA,AM,T14,Diadinoxanthin
3.48605577689243,RGA,AM,T14,Diadinoxanthin
4.24420502775057,RGA,AM,T21,Diadinoxanthin
3.97532556545579,RGA,AM,T21,Diadinoxanthin
1.47969198248528,RGA,AV,T07,Diadinoxanthin
1.42747897017589,RGA,AV,T07,Diadinoxanthin
2.19827586206897,RGA,AV,T07,Diadinoxanthin
1.24180751983443,RGA,AV,T14,Diadinoxanthin
1.96709585121602,RGA,AV,T14,Diadinoxanthin
1.26029616959986,RGA,AV,T14,Diadinoxanthin
2.30113813048075,RGA,AV,T21,Diadinoxanthin
2.30799840827696,RGA,AV,T21,Diadinoxanthin
2.84962735642262,RGA,AV,T21,Diadinoxanthin
3.39744643542112,RMO,AM,T07,Diadinoxanthin
2.83192350128724,RMO,AM,T07,Diadinoxanthin
2.18818380743982,RMO,AM,T07,Diadinoxanthin
2.92208239721024,RMO,AM,T14,Diadinoxanthin
3.12289804938983,RMO,AM,T14,Diadinoxanthin
3.6878453038674,RMO,AM,T21,Diadinoxanthin
4.35701763431989,RMO,AM,T21,Diadinoxanthin
5.74323234278708,RMO,AM,T21,Diadinoxanthin
2.58598396689941,RMO,AV,T07,Diadinoxanthin
3.30664116967452,RMO,AV,T07,Diadinoxanthin
3.10364379718882,RMO,AV,T07,Diadinoxanthin
1.74496644295302,RMO,AV,T14,Diadinoxanthin
1.9164483661933,RMO,AV,T14,Diadinoxanthin
2.85528031290743,RMO,AV,T14,Diadinoxanthin
2.59602649006623,RMO,AV,T21,Diadinoxanthin
1.92227329711659,RMO,AV,T21,Diadinoxanthin
4.3610163064088,RMO,AV,T21,Diadinoxanthin
2.36720554272517,RPE,AM,T07,Diadinoxanthin
2.83353010625738,RPE,AM,T07,Diadinoxanthin
4.20168067226891,RPE,AM,T07,Diadinoxanthin
3.1018206338503,RPE,AM,T14,Diadinoxanthin
0,RPE,AM,T14,Diadinoxanthin
3.03687635574837,RPE,AM,T14,Diadinoxanthin
2.24318123884782,RPE,AM,T21,Diadinoxanthin
3.03398058252427,RPE,AM,T21,Diadinoxanthin
2.05191594561187,RPE,AM,T21,Diadinoxanthin
1.81153857963094,RPE,AV,T07,Diadinoxanthin
3.38409475465313,RPE,AV,T07,Diadinoxanthin
2.30912476722533,RPE,AV,T07,Diadinoxanthin
0.995405819295559,RPE,AV,T14,Diadinoxanthin
1.65657852819369,RPE,AV,T14,Diadinoxanthin
2.28467448443186,RPE,AV,T14,Diadinoxanthin
0,GRG,AM,T07,Diatoxanthin
0,GRG,AM,T07,Diatoxanthin
0,GRG,AM,T07,Diatoxanthin
0,GRG,AM,T14,Diatoxanthin
0,GRG,AM,T14,Diatoxanthin
0,GRG,AM,T14,Diatoxanthin
0,GRG,AM,T21,Diatoxanthin
0,GRG,AM,T21,Diatoxanthin
0,GRG,AM,T21,Diatoxanthin
0,GRG,AV,T07,Diatoxanthin
0,GRG,AV,T07,Diatoxanthin
0,GRG,AV,T07,Diatoxanthin
0.865898652209924,GRG,AV,T14,Diatoxanthin
0,GRG,AV,T14,Diatoxanthin
0,GRG,AV,T14,Diatoxanthin
0.331505801351524,GRG,AV,T21,Diatoxanthin
0.436681222707424,GRG,AV,T21,Diatoxanthin
0.159784291206871,GRG,AV,T21,Diatoxanthin
0,RCA,AM,T07,Diatoxanthin
0,RCA,AM,T07,Diatoxanthin
0,RCA,AM,T07,Diatoxanthin
0,RCA,AM,T14,Diatoxanthin
0,RCA,AM,T14,Diatoxanthin
0,RCA,AM,T14,Diatoxanthin
0,RCA,AM,T21,Diatoxanthin
0,RCA,AM,T21,Diatoxanthin
0,RCA,AM,T21,Diatoxanthin
0.145851873825769,RCA,AM,T21,Diatoxanthin
0.19624678032626,RCA,AV,T07,Diatoxanthin
0.369837682350524,RCA,AV,T07,Diatoxanthin
0.376314333148866,RCA,AV,T07,Diatoxanthin
0.474993014808606,RCA,AV,T14,Diatoxanthin
0,RCA,AV,T14,Diatoxanthin
0,RCA,AV,T14,Diatoxanthin
0,RCA,AV,T21,Diatoxanthin
0.679639433395336,RCA,AV,T21,Diatoxanthin
0.863717687704362,RCA,AV,T21,Diatoxanthin
0,RCAR,AM,T07,Diatoxanthin
0,RCAR,AM,T07,Diatoxanthin
0,RCAR,AM,T07,Diatoxanthin
0,RCAR,AM,T14,Diatoxanthin
0,RCAR,AM,T14,Diatoxanthin
0,RCAR,AM,T14,Diatoxanthin
0,RCAR,AM,T21,Diatoxanthin
0,RCAR,AM,T21,Diatoxanthin
0,RCAR,AM,T21,Diatoxanthin
0,RCAR,AV,T07,Diatoxanthin
0,RCAR,AV,T07,Diatoxanthin
0,RCAR,AV,T07,Diatoxanthin
0,RCAR,AV,T14,Diatoxanthin
0,RCAR,AV,T14,Diatoxanthin
0,RCAR,AV,T14,Diatoxanthin
0.225651033725682,RCAR,AV,T21,Diatoxanthin
0,RCAR,AV,T21,Diatoxanthin
0.116876476174243,RCAR,AV,T21,Diatoxanthin
0,RGA,AM,T07,Diatoxanthin
0,RGA,AM,T07,Diatoxanthin
0,RGA,AM,T07,Diatoxanthin
0,RGA,AM,T14,Diatoxanthin
0,RGA,AM,T14,Diatoxanthin
0,RGA,AM,T14,Diatoxanthin
0,RGA,AM,T21,Diatoxanthin
0,RGA,AM,T21,Diatoxanthin
0,RGA,AV,T07,Diatoxanthin
0,RGA,AV,T07,Diatoxanthin
0,RGA,AV,T07,Diatoxanthin
0,RGA,AV,T14,Diatoxanthin
0,RGA,AV,T14,Diatoxanthin
0,RGA,AV,T14,Diatoxanthin
0,RGA,AV,T21,Diatoxanthin
0,RGA,AV,T21,Diatoxanthin
0,RGA,AV,T21,Diatoxanthin
0,RMO,AM,T07,Diatoxanthin
0.180213313718279,RMO,AM,T07,Diatoxanthin
0.235332975517113,RMO,AM,T07,Diatoxanthin
0.399718818486306,RMO,AM,T14,Diatoxanthin
0.451619102527145,RMO,AM,T14,Diatoxanthin
0.483425414364641,RMO,AM,T21,Diatoxanthin
0.51562338867691,RMO,AM,T21,Diatoxanthin
0.51624560384603,RMO,AM,T21,Diatoxanthin
0.165502973881562,RMO,AV,T07,Diatoxanthin
0.179275726066691,RMO,AV,T07,Diatoxanthin
0.179056372914739,RMO,AV,T07,Diatoxanthin
0,RMO,AV,T14,Diatoxanthin
0,RMO,AV,T14,Diatoxanthin
0.664928292046936,RMO,AV,T14,Diatoxanthin
0,RMO,AV,T21,Diatoxanthin
0,RMO,AV,T21,Diatoxanthin
0,RMO,AV,T21,Diatoxanthin
0,RPE,AM,T07,Diatoxanthin
0,RPE,AM,T07,Diatoxanthin
0,RPE,AM,T07,Diatoxanthin
0,RPE,AM,T14,Diatoxanthin
0,RPE,AM,T14,Diatoxanthin
0,RPE,AM,T14,Diatoxanthin
0,RPE,AM,T21,Diatoxanthin
0,RPE,AM,T21,Diatoxanthin
0,RPE,AM,T21,Diatoxanthin
0.141238601123768,RPE,AV,T07,Diatoxanthin
0,RPE,AV,T07,Diatoxanthin
0,RPE,AV,T07,Diatoxanthin
0,RPE,AV,T14,Diatoxanthin
0.191143676330041,RPE,AV,T14,Diatoxanthin
0.363930448847554,RPE,AV,T14,Diatoxanthin
0,GRG,AM,T07,DV.Chlorophyll b
0,GRG,AM,T07,DV.Chlorophyll b
0,GRG,AM,T07,DV.Chlorophyll b
0,GRG,AM,T14,DV.Chlorophyll b
0,GRG,AM,T14,DV.Chlorophyll b
0,GRG,AM,T14,DV.Chlorophyll b
0.429252782193959,GRG,AM,T21,DV.Chlorophyll b
0.333646616541353,GRG,AM,T21,DV.Chlorophyll b
0,GRG,AM,T21,DV.Chlorophyll b
0,GRG,AV,T07,DV.Chlorophyll b
0,GRG,AV,T07,DV.Chlorophyll b
0.383930752853304,GRG,AV,T07,DV.Chlorophyll b
0,GRG,AV,T14,DV.Chlorophyll b
0.101978380583316,GRG,AV,T14,DV.Chlorophyll b
0.322414237812742,GRG,AV,T14,DV.Chlorophyll b
0.535509371414,GRG,AV,T21,DV.Chlorophyll b
0.282558438222451,GRG,AV,T21,DV.Chlorophyll b
0.549258501023618,GRG,AV,T21,DV.Chlorophyll b
0,RCA,AM,T07,DV.Chlorophyll b
0,RCA,AM,T07,DV.Chlorophyll b
0,RCA,AM,T07,DV.Chlorophyll b
0,RCA,AM,T14,DV.Chlorophyll b
0,RCA,AM,T14,DV.Chlorophyll b
0,RCA,AM,T14,DV.Chlorophyll b
0.244807121661721,RCA,AM,T21,DV.Chlorophyll b
0,RCA,AM,T21,DV.Chlorophyll b
0.307608793992581,RCA,AM,T21,DV.Chlorophyll b
0.150796005141897,RCA,AM,T21,DV.Chlorophyll b
0.919906782779345,RCA,AV,T07,DV.Chlorophyll b
0.821861516334498,RCA,AV,T07,DV.Chlorophyll b
0.664084117321527,RCA,AV,T07,DV.Chlorophyll b
0.335289186923722,RCA,AV,T14,DV.Chlorophyll b
0.258397932816538,RCA,AV,T14,DV.Chlorophyll b
0.304533194118159,RCA,AV,T14,DV.Chlorophyll b
0.680911011974642,RCA,AV,T21,DV.Chlorophyll b
0,RCA,AV,T21,DV.Chlorophyll b
0,RCA,AV,T21,DV.Chlorophyll b
1.22264335493337,RCAR,AM,T07,DV.Chlorophyll b
1.17753623188406,RCAR,AM,T07,DV.Chlorophyll b
0.938337801608579,RCAR,AM,T07,DV.Chlorophyll b
0.450819672131148,RCAR,AM,T14,DV.Chlorophyll b
0.614282057844894,RCAR,AM,T14,DV.Chlorophyll b
0.65196131696186,RCAR,AM,T14,DV.Chlorophyll b
7.95130511076991,RCAR,AM,T21,DV.Chlorophyll b
0.760043431053203,RCAR,AM,T21,DV.Chlorophyll b
0.962386719063277,RCAR,AM,T21,DV.Chlorophyll b
0.228688589227979,RCAR,AV,T07,DV.Chlorophyll b
0.522154259286886,RCAR,AV,T07,DV.Chlorophyll b
0.432855817788313,RCAR,AV,T07,DV.Chlorophyll b
0.353068984247692,RCAR,AV,T14,DV.Chlorophyll b
0.317773394696472,RCAR,AV,T14,DV.Chlorophyll b
0.56905096983418,RCAR,AV,T14,DV.Chlorophyll b
0.670854424589864,RCAR,AV,T21,DV.Chlorophyll b
0.635021431973329,RCAR,AV,T21,DV.Chlorophyll b
0.267841924565974,RCAR,AV,T21,DV.Chlorophyll b
0,RGA,AM,T07,DV.Chlorophyll b
0,RGA,AM,T07,DV.Chlorophyll b
0,RGA,AM,T07,DV.Chlorophyll b
0,RGA,AM,T14,DV.Chlorophyll b
0,RGA,AM,T14,DV.Chlorophyll b
0,RGA,AM,T14,DV.Chlorophyll b
0,RGA,AM,T21,DV.Chlorophyll b
0,RGA,AM,T21,DV.Chlorophyll b
0,RGA,AV,T07,DV.Chlorophyll b
1.3000254906959,RGA,AV,T07,DV.Chlorophyll b
0,RGA,AV,T07,DV.Chlorophyll b
0.34494653328734,RGA,AV,T14,DV.Chlorophyll b
0.953743443013829,RGA,AV,T14,DV.Chlorophyll b
0.29706981140568,RGA,AV,T14,DV.Chlorophyll b
0.995086759126811,RGA,AV,T21,DV.Chlorophyll b
0.994826900119379,RGA,AV,T21,DV.Chlorophyll b
0.694139997077305,RGA,AV,T21,DV.Chlorophyll b
0.602772754671489,RMO,AM,T07,DV.Chlorophyll b
0.514895182052225,RMO,AM,T07,DV.Chlorophyll b
0.495437843193923,RMO,AM,T07,DV.Chlorophyll b
0.220534520544169,RMO,AM,T14,DV.Chlorophyll b
0.201787258575959,RMO,AM,T14,DV.Chlorophyll b
0.276243093922652,RMO,AM,T21,DV.Chlorophyll b
0.335155202639992,RMO,AM,T21,DV.Chlorophyll b
0.271028942019166,RMO,AM,T21,DV.Chlorophyll b
0.517196793379881,RMO,AV,T07,DV.Chlorophyll b
0.756941954503805,RMO,AV,T07,DV.Chlorophyll b
0.805753678116327,RMO,AV,T07,DV.Chlorophyll b
0.557046979865772,RMO,AV,T14,DV.Chlorophyll b
2.9505032400386,RMO,AV,T14,DV.Chlorophyll b
0.325945241199478,RMO,AV,T14,DV.Chlorophyll b
1.56291390728477,RMO,AV,T21,DV.Chlorophyll b
1.48349352277476,RMO,AV,T21,DV.Chlorophyll b
0.948047023132347,RMO,AV,T21,DV.Chlorophyll b
0,RPE,AM,T07,DV.Chlorophyll b
0,RPE,AM,T07,DV.Chlorophyll b
0,RPE,AM,T07,DV.Chlorophyll b
0,RPE,AM,T14,DV.Chlorophyll b
0,RPE,AM,T14,DV.Chlorophyll b
0,RPE,AM,T14,DV.Chlorophyll b
0,RPE,AM,T21,DV.Chlorophyll b
0,RPE,AM,T21,DV.Chlorophyll b
0,RPE,AM,T21,DV.Chlorophyll b
1.1053455740121,RPE,AV,T07,DV.Chlorophyll b
0,RPE,AV,T07,DV.Chlorophyll b
1.41527001862197,RPE,AV,T07,DV.Chlorophyll b
0.811638591117917,RPE,AV,T14,DV.Chlorophyll b
0.525645109907614,RPE,AV,T14,DV.Chlorophyll b
0.505458956732713,RPE,AV,T14,DV.Chlorophyll b
30.2055406613047,GRG,AM,T07,Fucoxanthin
33.2914572864322,GRG,AM,T07,Fucoxanthin
32.1435245748458,GRG,AM,T07,Fucoxanthin
36.3636363636364,GRG,AM,T14,Fucoxanthin
34.2465753424658,GRG,AM,T14,Fucoxanthin
32.3275862068966,GRG,AM,T14,Fucoxanthin
37.6788553259141,GRG,AM,T21,Fucoxanthin
36.1842105263158,GRG,AM,T21,Fucoxanthin
38.9434119858008,GRG,AM,T21,Fucoxanthin
33.2218113517638,GRG,AV,T07,Fucoxanthin
37.7933378255647,GRG,AV,T07,Fucoxanthin
35.2518236710761,GRG,AV,T07,Fucoxanthin
45.0719072359009,GRG,AV,T14,Fucoxanthin
38.1093208239853,GRG,AV,T14,Fucoxanthin
31.6094918751612,GRG,AV,T14,Fucoxanthin
26.1379574142547,GRG,AV,T21,Fucoxanthin
33.0850244027742,GRG,AV,T21,Fucoxanthin
38.4231287761522,GRG,AV,T21,Fucoxanthin
42.2773393461105,RCA,AM,T07,Fucoxanthin
31.6842690383546,RCA,AM,T07,Fucoxanthin
32.9055610398157,RCA,AM,T07,Fucoxanthin
35.036496350365,RCA,AM,T14,Fucoxanthin
35.5472404115996,RCA,AM,T14,Fucoxanthin
35.287779473826,RCA,AM,T14,Fucoxanthin
37.8338278931751,RCA,AM,T21,Fucoxanthin
44.1248972884141,RCA,AM,T21,Fucoxanthin
44.693748303628,RCA,AM,T21,Fucoxanthin
40.6654800751508,RCA,AM,T21,Fucoxanthin
21.035201766221,RCA,AV,T07,Fucoxanthin
24.1764262721731,RCA,AV,T07,Fucoxanthin
25.7885998893193,RCA,AV,T07,Fucoxanthin
28.3039955294775,RCA,AV,T14,Fucoxanthin
28.4569005499238,RCA,AV,T14,Fucoxanthin
30.4750717828243,RCA,AV,T14,Fucoxanthin
22.7987790561165,RCA,AV,T21,Fucoxanthin
41.9945628845328,RCA,AV,T21,Fucoxanthin
39.0523783083472,RCA,AV,T21,Fucoxanthin
10.6369971879203,RCAR,AM,T07,Fucoxanthin
10.351966873706,RCAR,AM,T07,Fucoxanthin
10.9153581003447,RCAR,AM,T07,Fucoxanthin
22.3770491803279,RCAR,AM,T14,Fucoxanthin
18.2364985922703,RCAR,AM,T14,Fucoxanthin
19.3958491796153,RCAR,AM,T14,Fucoxanthin
28.7343715727133,RCAR,AM,T21,Fucoxanthin
31.7380773406832,RCAR,AM,T21,Fucoxanthin
31.5181650493223,RCAR,AM,T21,Fucoxanthin
32.4895512972163,RCAR,AV,T07,Fucoxanthin
28.047143070267,RCAR,AV,T07,Fucoxanthin
22.8795217973823,RCAR,AV,T07,Fucoxanthin
15.1819663226507,RCAR,AV,T14,Fucoxanthin
21.4990138067061,RCAR,AV,T14,Fucoxanthin
22.2113443064309,RCAR,AV,T14,Fucoxanthin
29.1821674696591,RCAR,AV,T21,Fucoxanthin
29.2744880139705,RCAR,AV,T21,Fucoxanthin
35.6473252331442,RCAR,AV,T21,Fucoxanthin
31.183932346723,RGA,AM,T07,Fucoxanthin
35.7142857142857,RGA,AM,T07,Fucoxanthin
40.0890868596882,RGA,AM,T07,Fucoxanthin
37.1975442397978,RGA,AM,T14,Fucoxanthin
35.2885073915117,RGA,AM,T14,Fucoxanthin
36.105577689243,RGA,AM,T14,Fucoxanthin
36.5654587006203,RGA,AM,T21,Fucoxanthin
36.3262508567512,RGA,AM,T21,Fucoxanthin
24.6112033821531,RGA,AV,T07,Fucoxanthin
19.3729288809585,RGA,AV,T07,Fucoxanthin
31.0344827586207,RGA,AV,T07,Fucoxanthin
14.5567437047258,RGA,AV,T14,Fucoxanthin
22.7706247019552,RGA,AV,T14,Fucoxanthin
13.8632578655984,RGA,AV,T14,Fucoxanthin
19.5907705703091,RGA,AV,T21,Fucoxanthin
19.1404695582969,RGA,AV,T21,Fucoxanthin
18.5591115008037,RGA,AV,T21,Fucoxanthin
26.7411912981533,RMO,AM,T07,Fucoxanthin
22.6553880102979,RMO,AM,T07,Fucoxanthin
18.2073407373767,RMO,AM,T07,Fucoxanthin
31.5364364378162,RMO,AM,T14,Fucoxanthin
40.1844912078409,RMO,AM,T14,Fucoxanthin
31.7817679558011,RMO,AM,T21,Fucoxanthin
36.6608229349283,RMO,AM,T21,Fucoxanthin
38.2989707353273,RMO,AM,T21,Fucoxanthin
26.3253167830359,RMO,AV,T07,Fucoxanthin
27.8873351659296,RMO,AV,T07,Fucoxanthin
26.5600286490197,RMO,AV,T07,Fucoxanthin
17.7315436241611,RMO,AV,T14,Fucoxanthin
21.149869019716,RMO,AV,T14,Fucoxanthin
33.74185136897,RMO,AV,T14,Fucoxanthin
35.7086092715232,RMO,AV,T21,Fucoxanthin
28.3744254074384,RMO,AV,T21,Fucoxanthin
33.1816458096322,RMO,AV,T21,Fucoxanthin
26.5588914549654,RPE,AM,T07,Fucoxanthin
34.8288075560803,RPE,AM,T07,Fucoxanthin
40.1493930905696,RPE,AM,T07,Fucoxanthin
25.6237356709373,RPE,AM,T14,Fucoxanthin
25.8358662613982,RPE,AM,T14,Fucoxanthin
23.8611713665944,RPE,AM,T14,Fucoxanthin
33.1379046647974,RPE,AM,T21,Fucoxanthin
35.5987055016181,RPE,AM,T21,Fucoxanthin
32.8800988875155,RPE,AM,T21,Fucoxanthin
15.6590622985047,RPE,AV,T07,Fucoxanthin
19.7405527354766,RPE,AV,T07,Fucoxanthin
16.7597765363128,RPE,AV,T07,Fucoxanthin
17.3047473200613,RPE,AV,T14,Fucoxanthin
16.9321439949028,RPE,AV,T14,Fucoxanthin
23.918317832592,RPE,AV,T14,Fucoxanthin
2.85969615728329,GRG,AM,T07,Lutein
2.95226130653266,GRG,AM,T07,Lutein
2.80321435245748,GRG,AM,T07,Lutein
0.91846298031865,GRG,AM,T14,Lutein
0.639269406392694,GRG,AM,T14,Lutein
1.29310344827586,GRG,AM,T14,Lutein
0.731319554848967,GRG,AM,T21,Lutein
0.657894736842105,GRG,AM,T21,Lutein
0.741282104823554,GRG,AM,T21,Lutein
0.763045137054646,GRG,AV,T07,Lutein
0.498051738786512,GRG,AV,T07,Lutein
0.942375484276291,GRG,AV,T07,Lutein
1.03154882915443,GRG,AV,T14,Lutein
0.805629206608199,GRG,AV,T14,Lutein
1.35413979881352,GRG,AV,T14,Lutein
2.04003570062476,GRG,AV,T21,Lutein
1.38710506036476,GRG,AV,T21,Lutein
1.04858441104509,GRG,AV,T21,Lutein
0,RCA,AM,T07,Lutein
2.77932184546971,RCA,AM,T07,Lutein
1.97433366238894,RCA,AM,T07,Lutein
1.45985401459854,RCA,AM,T14,Lutein
1.22015699353317,RCA,AM,T14,Lutein
1.57133878064111,RCA,AM,T14,Lutein
0.489614243323442,RCA,AM,T21,Lutein
0.435497124075596,RCA,AM,T21,Lutein
0.389034651225912,RCA,AM,T21,Lutein
0.370809848709582,RCA,AM,T21,Lutein
2.20777627867043,RCA,AV,T07,Lutein
2.67104992808712,RCA,AV,T07,Lutein
2.4349750968456,RCA,AV,T07,Lutein
2.59849119865884,RCA,AV,T14,Lutein
2.3189558073279,RCA,AV,T14,Lutein
1.97946576176803,RCA,AV,T14,Lutein
2.23057055646865,RCA,AV,T21,Lutein
0.715409929889827,RCA,AV,T21,Lutein
0.987105928804985,RCA,AV,T21,Lutein
2.44528670986673,RCAR,AM,T07,Lutein
2.5879917184265,RCAR,AM,T07,Lutein
3.25545767905017,RCAR,AM,T07,Lutein
1.80327868852459,RCAR,AM,T14,Lutein
2.11159457384182,RCAR,AM,T14,Lutein
2.66217537759426,RCAR,AM,T14,Lutein
0.71287563062075,RCAR,AM,T21,Lutein
1.75394637935355,RCAR,AM,T21,Lutein
1.84457454487128,RCAR,AM,T21,Lutein
0.946297610598533,RCAR,AV,T07,Lutein
1.7902431746979,RCAR,AV,T07,Lutein
1.95815727094713,RCAR,AV,T07,Lutein
2.60727865290603,RCAR,AV,T14,Lutein
1.74775367083059,RCAR,AV,T14,Lutein
1.70715290950254,RCAR,AV,T14,Lutein
1.70762944441056,RCAR,AV,T21,Lutein
1.96856643911732,RCAR,AV,T21,Lutein
1.09571696413353,RCAR,AV,T21,Lutein
1.74418604651163,RGA,AM,T07,Lutein
2.87698412698413,RGA,AM,T07,Lutein
0,RGA,AM,T07,Lutein
0.975081256771398,RGA,AM,T14,Lutein
0,RGA,AM,T14,Lutein
0,RGA,AM,T14,Lutein
0,RGA,AM,T21,Lutein
0,RGA,AM,T21,Lutein
4.22769137852937,RGA,AV,T07,Lutein
3.31379046647974,RGA,AV,T07,Lutein
2.97413793103448,RGA,AV,T07,Lutein
5.89858571921352,RGA,AV,T14,Lutein
3.04005722460658,RGA,AV,T14,Lutein
6.52653373542783,RGA,AV,T14,Lutein
4.97543379563406,RGA,AV,T21,Lutein
4.45682451253482,RGA,AV,T21,Lutein
4.38404208680403,RGA,AV,T21,Lutein
2.84947120390158,RMO,AM,T07,Lutein
3.38359691062891,RMO,AM,T07,Lutein
4.62408653647661,RMO,AM,T07,Lutein
1.86765172085843,RMO,AM,T14,Lutein
1.94100124915922,RMO,AM,T14,Lutein
2.05801104972376,RMO,AM,T21,Lutein
1.77890069093534,RMO,AM,T21,Lutein
1.90365566418223,RMO,AM,T21,Lutein
2.32738557020947,RMO,AV,T07,Lutein
2.98792876777818,RMO,AV,T07,Lutein
2.92458742427408,RMO,AV,T07,Lutein
7.81879194630872,RMO,AV,T14,Lutein
0.151661381497311,RMO,AV,T14,Lutein
3.02477183833116,RMO,AV,T14,Lutein
2.09271523178808,RMO,AV,T21,Lutein
3.46844964479733,RMO,AV,T21,Lutein
2.89154342055366,RMO,AV,T21,Lutein
1.90531177829099,RPE,AM,T07,Lutein
2.06611570247934,RPE,AM,T07,Lutein
0,RPE,AM,T07,Lutein
0,RPE,AM,T14,Lutein
0,RPE,AM,T14,Lutein
2.92841648590022,RPE,AM,T14,Lutein
1.37649757838389,RPE,AM,T21,Lutein
1.73948220064725,RPE,AM,T21,Lutein
1.18665018541409,RPE,AM,T21,Lutein
4.39067825232583,RPE,AV,T07,Lutein
3.38409475465313,RPE,AV,T07,Lutein
3.7243947858473,RPE,AV,T07,Lutein
3.50689127105666,RPE,AV,T14,Lutein
4.85823510672189,RPE,AV,T14,Lutein
4.18520016174687,RPE,AV,T14,Lutein
0,GRG,AM,T07,Myxoxanthophyll
0,GRG,AM,T07,Myxoxanthophyll
0,GRG,AM,T07,Myxoxanthophyll
0,GRG,AM,T14,Myxoxanthophyll
0,GRG,AM,T14,Myxoxanthophyll
0,GRG,AM,T14,Myxoxanthophyll
0,GRG,AM,T21,Myxoxanthophyll
0.164473684210526,GRG,AM,T21,Myxoxanthophyll
0.626435581541032,GRG,AM,T21,Myxoxanthophyll
0,GRG,AV,T07,Myxoxanthophyll
0,GRG,AV,T07,Myxoxanthophyll
0.41883354856724,GRG,AV,T07,Myxoxanthophyll
0.737896242752805,GRG,AV,T14,Myxoxanthophyll
0,GRG,AV,T14,Myxoxanthophyll
0,GRG,AV,T14,Myxoxanthophyll
0,GRG,AV,T21,Myxoxanthophyll
0,GRG,AV,T21,Myxoxanthophyll
0.249662955010735,GRG,AV,T21,Myxoxanthophyll
0,RCA,AM,T07,Myxoxanthophyll
0,RCA,AM,T07,Myxoxanthophyll
0,RCA,AM,T07,Myxoxanthophyll
0,RCA,AM,T14,Myxoxanthophyll
0,RCA,AM,T14,Myxoxanthophyll
0,RCA,AM,T14,Myxoxanthophyll
0,RCA,AM,T21,Myxoxanthophyll
0,RCA,AM,T21,Myxoxanthophyll
0,RCA,AM,T21,Myxoxanthophyll
0,RCA,AM,T21,Myxoxanthophyll
0.214644915981847,RCA,AV,T07,Myxoxanthophyll
0.513663447709061,RCA,AV,T07,Myxoxanthophyll
0.36524626452684,RCA,AV,T07,Myxoxanthophyll
0,RCA,AV,T14,Myxoxanthophyll
0.1888292585967,RCA,AV,T14,Myxoxanthophyll
0.195771339075959,RCA,AV,T14,Myxoxanthophyll
0.258276590749002,RCA,AV,T21,Myxoxanthophyll
0,RCA,AV,T21,Myxoxanthophyll
0,RCA,AV,T21,Myxoxanthophyll
0,RCAR,AM,T07,Myxoxanthophyll
0,RCAR,AM,T07,Myxoxanthophyll
0,RCAR,AM,T07,Myxoxanthophyll
0,RCAR,AM,T14,Myxoxanthophyll
0,RCAR,AM,T14,Myxoxanthophyll
0,RCAR,AM,T14,Myxoxanthophyll
0,RCAR,AM,T21,Myxoxanthophyll
0,RCAR,AM,T21,Myxoxanthophyll
0,RCAR,AM,T21,Myxoxanthophyll
0.417948111347686,RCAR,AV,T07,Myxoxanthophyll
0.671341190511711,RCAR,AV,T07,Myxoxanthophyll
0.659589817582191,RCAR,AV,T07,Myxoxanthophyll
0.176534492123846,RCAR,AV,T14,Myxoxanthophyll
0.186280955511725,RCAR,AV,T14,Myxoxanthophyll
0,RCAR,AV,T14,Myxoxanthophyll
0.73184119046167,RCAR,AV,T21,Myxoxanthophyll
1.07953643435466,RCAR,AV,T21,Myxoxanthophyll
1.36355888869951,RCAR,AV,T21,Myxoxanthophyll
0,RGA,AM,T07,Myxoxanthophyll
0,RGA,AM,T07,Myxoxanthophyll
0,RGA,AM,T07,Myxoxanthophyll
0,RGA,AM,T14,Myxoxanthophyll
0,RGA,AM,T14,Myxoxanthophyll
0,RGA,AM,T14,Myxoxanthophyll
0,RGA,AM,T21,Myxoxanthophyll
0,RGA,AM,T21,Myxoxanthophyll
0.452966933413861,RGA,AV,T07,Myxoxanthophyll
0,RGA,AV,T07,Myxoxanthophyll
0,RGA,AV,T07,Myxoxanthophyll
0.689893066574681,RGA,AV,T14,Myxoxanthophyll
1.07296137339056,RGA,AV,T14,Myxoxanthophyll
0.585137507314219,RGA,AV,T14,Myxoxanthophyll
2.1767522855899,RGA,AV,T21,Myxoxanthophyll
1.98965380023876,RGA,AV,T21,Myxoxanthophyll
2.77655998830922,RGA,AV,T21,Myxoxanthophyll
0.31782563428133,RMO,AM,T07,Myxoxanthophyll
0.441338727473336,RMO,AM,T07,Myxoxanthophyll
0.388092977168573,RMO,AM,T07,Myxoxanthophyll
0.118537304792491,RMO,AM,T14,Myxoxanthophyll
0.105698087825502,RMO,AM,T14,Myxoxanthophyll
0.621546961325967,RMO,AM,T21,Myxoxanthophyll
0,RMO,AM,T21,Myxoxanthophyll
0,RMO,AM,T21,Myxoxanthophyll
0.475821049909491,RMO,AV,T07,Myxoxanthophyll
0.796781004740847,RMO,AV,T07,Myxoxanthophyll
0.626697305201588,RMO,AV,T07,Myxoxanthophyll
0.563758389261745,RMO,AV,T14,Myxoxanthophyll
0.523921136081621,RMO,AV,T14,Myxoxanthophyll
0.143415906127771,RMO,AV,T14,Myxoxanthophyll
0.95364238410596,RMO,AV,T21,Myxoxanthophyll
1.23276222315086,RMO,AV,T21,Myxoxanthophyll
4.6454304133485,RMO,AV,T21,Myxoxanthophyll
0,RPE,AM,T07,Myxoxanthophyll
0,RPE,AM,T07,Myxoxanthophyll
0,RPE,AM,T07,Myxoxanthophyll
0,RPE,AM,T14,Myxoxanthophyll
0,RPE,AM,T14,Myxoxanthophyll
0,RPE,AM,T14,Myxoxanthophyll
0,RPE,AM,T21,Myxoxanthophyll
0,RPE,AM,T21,Myxoxanthophyll
0,RPE,AM,T21,Myxoxanthophyll
0.675488961896282,RPE,AV,T07,Myxoxanthophyll
0,RPE,AV,T07,Myxoxanthophyll
0,RPE,AV,T07,Myxoxanthophyll
0.260336906584992,RPE,AV,T14,Myxoxanthophyll
0.382287352660083,RPE,AV,T14,Myxoxanthophyll
0.505458956732713,RPE,AV,T14,Myxoxanthophyll
0.911528150134048,GRG,AM,T07,Neoxanthin
0,GRG,AM,T07,Neoxanthin
1.21472621939824,GRG,AM,T07,Neoxanthin
0,GRG,AM,T14,Neoxanthin
0,GRG,AM,T14,Neoxanthin
0,GRG,AM,T14,Neoxanthin
0.667726550079491,GRG,AM,T21,Neoxanthin
0.469924812030075,GRG,AM,T21,Neoxanthin
0.334098976821883,GRG,AM,T21,Neoxanthin
0.228913541116394,GRG,AV,T07,Neoxanthin
0,GRG,AV,T07,Neoxanthin
0.453736344281177,GRG,AV,T07,Neoxanthin
0.481891423838566,GRG,AV,T14,Neoxanthin
0.448704874566592,GRG,AV,T14,Neoxanthin
0.709311323188032,GRG,AV,T14,Neoxanthin
1.0837689659569,GRG,AV,T21,Neoxanthin
0.821988183919856,GRG,AV,T21,Neoxanthin
0.649123683027912,GRG,AV,T21,Neoxanthin
0,RCA,AM,T07,Neoxanthin
0,RCA,AM,T07,Neoxanthin
0,RCA,AM,T07,Neoxanthin
0,RCA,AM,T14,Neoxanthin
0.191157928986863,RCA,AM,T14,Neoxanthin
0.404058543593427,RCA,AM,T14,Neoxanthin
0.482195845697329,RCA,AM,T21,Neoxanthin
0,RCA,AM,T21,Neoxanthin
0,RCA,AM,T21,Neoxanthin
0.126075348561258,RCA,AM,T21,Neoxanthin
0.453820679504477,RCA,AV,T07,Neoxanthin
0.821861516334498,RCA,AV,T07,Neoxanthin
0.686220254565578,RCA,AV,T07,Neoxanthin
1.03380832634814,RCA,AV,T14,Neoxanthin
0.92758232293116,RCA,AV,T14,Neoxanthin
0.935351953362917,RCA,AV,T14,Neoxanthin
0.680911011974642,RCA,AV,T21,Neoxanthin
0.296895120904278,RCA,AV,T21,Neoxanthin
0.394842371521994,RCA,AV,T21,Neoxanthin
2.32302237437339,RCAR,AM,T07,Neoxanthin
2.45859213250518,RCAR,AM,T07,Neoxanthin
2.29797012638836,RCAR,AM,T07,Neoxanthin
1.88524590163934,RCAR,AM,T14,Neoxanthin
1.98361914512414,RCAR,AM,T14,Neoxanthin
1.73856351189829,RCAR,AM,T14,Neoxanthin
0.932221978504058,RCAR,AM,T21,Neoxanthin
1.83746763551324,RCAR,AM,T21,Neoxanthin
1.92477343812655,RCAR,AM,T21,Neoxanthin
0.867439476381989,RCAR,AV,T07,Neoxanthin
1.23825152916604,RCAR,AV,T07,Neoxanthin
1.13366999896939,RCAR,AV,T07,Neoxanthin
2.5122216186855,RCAR,AV,T14,Neoxanthin
2.17510409818102,RCAR,AV,T14,Neoxanthin
1.67655877133941,RCAR,AV,T14,Neoxanthin
0.914801488077087,RCAR,AV,T21,Neoxanthin
1.01603429115733,RCAR,AV,T21,Neoxanthin
0.584382380871217,RCAR,AV,T21,Neoxanthin
0,RGA,AM,T07,Neoxanthin
0,RGA,AM,T07,Neoxanthin
0,RGA,AM,T07,Neoxanthin
0,RGA,AM,T14,Neoxanthin
0,RGA,AM,T14,Neoxanthin
0,RGA,AM,T14,Neoxanthin
0,RGA,AM,T21,Neoxanthin
0,RGA,AM,T21,Neoxanthin
1.66087875585082,RGA,AV,T07,Neoxanthin
2.06474636757584,RGA,AV,T07,Neoxanthin
1.72413793103448,RGA,AV,T07,Neoxanthin
1.69023801310797,RGA,AV,T14,Neoxanthin
1.37100619933238,RGA,AV,T14,Neoxanthin
2.07048656434262,RGA,AV,T14,Neoxanthin
2.11455936314447,RGA,AV,T21,Neoxanthin
2.18861918026263,RGA,AV,T21,Neoxanthin
2.11895367528862,RGA,AV,T21,Neoxanthin
1.42473560195079,RMO,AM,T07,Neoxanthin
1.69179845531445,RMO,AM,T07,Neoxanthin
1.89917839891004,RMO,AM,T07,Neoxanthin
1.61265868147924,RMO,AM,T14,Neoxanthin
0.739886614778514,RMO,AM,T14,Neoxanthin
0.870165745856354,RMO,AM,T21,Neoxanthin
0.824997421883057,RMO,AM,T21,Neoxanthin
0.935695156970929,RMO,AM,T21,Neoxanthin
1.91362813550556,RMO,AV,T07,Neoxanthin
1.99195251185212,RMO,AV,T07,Neoxanthin
1.90993464442389,RMO,AV,T07,Neoxanthin
2.25503355704698,RMO,AV,T14,Neoxanthin
1.64070039983455,RMO,AV,T14,Neoxanthin
0.91264667535854,RMO,AV,T14,Neoxanthin
0.927152317880795,RMO,AV,T21,Neoxanthin
1.23276222315086,RMO,AV,T21,Neoxanthin
1.27986348122867,RMO,AV,T21,Neoxanthin
0,RPE,AM,T07,Neoxanthin
0,RPE,AM,T07,Neoxanthin
0,RPE,AM,T07,Neoxanthin
0,RPE,AM,T14,Neoxanthin
0,RPE,AM,T14,Neoxanthin
0,RPE,AM,T14,Neoxanthin
1.3000254906959,RPE,AM,T21,Neoxanthin
0,RPE,AM,T21,Neoxanthin
0,RPE,AM,T21,Neoxanthin
1.65801836101815,RPE,AV,T07,Neoxanthin
2.7072758037225,RPE,AV,T07,Neoxanthin
1.9366852886406,RPE,AV,T07,Neoxanthin
1.54670750382848,RPE,AV,T14,Neoxanthin
1.83179356482956,RPE,AV,T14,Neoxanthin
1.57703194500607,RPE,AV,T14,Neoxanthin
0.768543342269884,GRG,AM,T07,Siphonaxanthin
0,GRG,AM,T07,Siphonaxanthin
0,GRG,AM,T07,Siphonaxanthin
0,GRG,AM,T14,Siphonaxanthin
0,GRG,AM,T14,Siphonaxanthin
0,GRG,AM,T14,Siphonaxanthin
0.779014308426073,GRG,AM,T21,Siphonaxanthin
0.319548872180451,GRG,AM,T21,Siphonaxanthin
0,GRG,AM,T21,Siphonaxanthin
0.481305394142161,GRG,AV,T07,Siphonaxanthin
0,GRG,AV,T07,Siphonaxanthin
0,GRG,AV,T07,Siphonaxanthin
0.391536781868835,GRG,AV,T14,Siphonaxanthin
6.13909851111564,GRG,AV,T14,Siphonaxanthin
0.670621614650503,GRG,AV,T14,Siphonaxanthin
0,GRG,AV,T21,Siphonaxanthin
0,GRG,AV,T21,Siphonaxanthin
0,GRG,AV,T21,Siphonaxanthin
0,RCA,AM,T07,Siphonaxanthin
0,RCA,AM,T07,Siphonaxanthin
0,RCA,AM,T07,Siphonaxanthin
0,RCA,AM,T14,Siphonaxanthin
0,RCA,AM,T14,Siphonaxanthin
0.170602496183892,RCA,AM,T14,Siphonaxanthin
0,RCA,AM,T21,Siphonaxanthin
0,RCA,AM,T21,Siphonaxanthin
0,RCA,AM,T21,Siphonaxanthin
0,RCA,AM,T21,Siphonaxanthin
0.478351527045259,RCA,AV,T07,Siphonaxanthin
0.753373056639956,RCA,AV,T07,Siphonaxanthin
0.653016048699502,RCA,AV,T07,Siphonaxanthin
0.419111483654652,RCA,AV,T14,Siphonaxanthin
0.265023520837474,RCA,AV,T14,Siphonaxanthin
0.200121813277647,RCA,AV,T14,Siphonaxanthin
0,RCA,AV,T21,Siphonaxanthin
0,RCA,AV,T21,Siphonaxanthin
0,RCA,AV,T21,Siphonaxanthin
5.86868810368016,RCAR,AM,T07,Siphonaxanthin
6.46997929606625,RCAR,AM,T07,Siphonaxanthin
4.21294523171199,RCAR,AM,T07,Siphonaxanthin
1.80327868852459,RCAR,AM,T14,Siphonaxanthin
3.64729971845406,RCAR,AM,T14,Siphonaxanthin
1.57557318265783,RCAR,AM,T14,Siphonaxanthin
2.19346347883308,RCAR,AM,T21,Siphonaxanthin
0.743339179821264,RCAR,AM,T21,Siphonaxanthin
0.705750260646403,RCAR,AM,T21,Siphonaxanthin
1.97145335541361,RCAR,AV,T07,Siphonaxanthin
2.98373862449649,RCAR,AV,T07,Siphonaxanthin
2.67958363392765,RCAR,AV,T07,Siphonaxanthin
5.92069527430744,RCAR,AV,T14,Siphonaxanthin
4.02695595003287,RCAR,AV,T14,Siphonaxanthin
4.55240775867344,RCAR,AV,T14,Siphonaxanthin
1.43318899798744,RCAR,AV,T21,Siphonaxanthin
1.14303857755199,RCAR,AV,T21,Siphonaxanthin
1.36355888869951,RCAR,AV,T21,Siphonaxanthin
0,RGA,AM,T07,Siphonaxanthin
0,RGA,AM,T07,Siphonaxanthin
0,RGA,AM,T07,Siphonaxanthin
0,RGA,AM,T14,Siphonaxanthin
0,RGA,AM,T14,Siphonaxanthin
0,RGA,AM,T14,Siphonaxanthin
0,RGA,AM,T21,Siphonaxanthin
0,RGA,AM,T21,Siphonaxanthin
0.558659217877095,RGA,AV,T07,Siphonaxanthin
0.713739485087943,RGA,AV,T07,Siphonaxanthin
0,RGA,AV,T07,Siphonaxanthin
0.517419799931011,RGA,AV,T14,Siphonaxanthin
1.07296137339056,RGA,AV,T14,Siphonaxanthin
0.495116352342801,RGA,AV,T14,Siphonaxanthin
0.615709932209715,RGA,AV,T21,Siphonaxanthin
0.596896140071628,RGA,AV,T21,Siphonaxanthin
0.949875785474207,RGA,AV,T21,Siphonaxanthin
0.268507863444572,RMO,AM,T07,Siphonaxanthin
0.319970577418168,RMO,AM,T07,Siphonaxanthin
0.235332975517113,RMO,AM,T07,Siphonaxanthin
0,RMO,AM,T14,Siphonaxanthin
0,RMO,AM,T14,Siphonaxanthin
0.290055248618785,RMO,AM,T21,Siphonaxanthin
0,RMO,AM,T21,Siphonaxanthin
0.190365566418223,RMO,AM,T21,Siphonaxanthin
0.253426428756142,RMO,AV,T07,Siphonaxanthin
0.350583642085973,RMO,AV,T07,Siphonaxanthin
0.199946283088126,RMO,AV,T07,Siphonaxanthin
0,RMO,AV,T14,Siphonaxanthin
0,RMO,AV,T14,Siphonaxanthin
0.352020860495437,RMO,AV,T14,Siphonaxanthin
0,RMO,AV,T21,Siphonaxanthin
0,RMO,AV,T21,Siphonaxanthin
0,RMO,AV,T21,Siphonaxanthin
0,RPE,AM,T07,Siphonaxanthin
0,RPE,AM,T07,Siphonaxanthin
0,RPE,AM,T07,Siphonaxanthin
0,RPE,AM,T14,Siphonaxanthin
0,RPE,AM,T14,Siphonaxanthin
0,RPE,AM,T14,Siphonaxanthin
0,RPE,AM,T21,Siphonaxanthin
0,RPE,AM,T21,Siphonaxanthin
0,RPE,AM,T21,Siphonaxanthin
2.64054776014001,RPE,AV,T07,Siphonaxanthin
1.57924421883813,RPE,AV,T07,Siphonaxanthin
2.19739292364991,RPE,AV,T07,Siphonaxanthin
2.26646248085758,RPE,AV,T14,Siphonaxanthin
0.844217903791016,RPE,AV,T14,Siphonaxanthin
0.667205822887182,RPE,AV,T14,Siphonaxanthin
1.96604110813226,GRG,AM,T07,Pheophytin a
3.45477386934673,GRG,AM,T07,Pheophytin a
2.24257148196599,GRG,AM,T07,Pheophytin a
0,GRG,AM,T14,Pheophytin a
0.981735159817352,GRG,AM,T14,Pheophytin a
0,GRG,AM,T14,Pheophytin a
0,GRG,AM,T21,Pheophytin a
0.986842105263158,GRG,AM,T21,Pheophytin a
1.67049488410942,GRG,AM,T21,Pheophytin a
0.880436696601514,GRG,AV,T07,Pheophytin a
1.23048076641373,GRG,AV,T07,Pheophytin a
0.977278279990227,GRG,AV,T07,Pheophytin a
1.15955123861155,GRG,AV,T14,Pheophytin a
5.90454823577402,GRG,AV,T14,Pheophytin a
4.50090275986588,GRG,AV,T14,Pheophytin a
1.59377789111309,GRG,AV,T21,Pheophytin a
2.46596455175957,GRG,AV,T21,Pheophytin a
2.24696659509662,GRG,AV,T21,Pheophytin a
0,RCA,AM,T07,Pheophytin a
0,RCA,AM,T07,Pheophytin a
0,RCA,AM,T07,Pheophytin a
1.82481751824818,RCA,AM,T14,Pheophytin a
1.54553219180868,RCA,AM,T14,Pheophytin a
3.36715452994523,RCA,AM,T14,Pheophytin a
0.660237388724036,RCA,AM,T21,Pheophytin a
1.56121610517666,RCA,AM,T21,Pheophytin a
1.62851714466661,RCA,AM,T21,Pheophytin a
1.58212202116088,RCA,AM,T21,Pheophytin a
0,RCA,AV,T07,Pheophytin a
1.57523457297445,RCA,AV,T07,Pheophytin a
1.99225235196458,RCA,AV,T07,Pheophytin a
2.57055043308187,RCA,AV,T14,Pheophytin a
3.71032929172464,RCA,AV,T14,Pheophytin a
2.98007482815627,RCA,AV,T14,Pheophytin a
1.3148626438131,RCA,AV,T21,Pheophytin a
2.79009872657032,RCA,AV,T21,Pheophytin a
3.57825899191807,RCA,AV,T21,Pheophytin a
0,RCAR,AM,T07,Pheophytin a
0,RCAR,AM,T07,Pheophytin a
0,RCAR,AM,T07,Pheophytin a
1.27049180327869,RCAR,AM,T14,Pheophytin a
1.27975428717686,RCAR,AM,T14,Pheophytin a
1.19526241443008,RCAR,AM,T14,Pheophytin a
1.64509760912481,RCAR,AM,T21,Pheophytin a
1.33634009855508,RCAR,AM,T21,Pheophytin a
1.84457454487128,RCAR,AM,T21,Pheophytin a
1.57716268433089,RCAR,AV,T07,Pheophytin a
1.7902431746979,RCAR,AV,T07,Pheophytin a
1.64897454395548,RCAR,AV,T07,Pheophytin a
0.936990765888104,RCAR,AV,T14,Pheophytin a
1.58886697348236,RCAR,AV,T14,Pheophytin a
2.15382732668421,RCAR,AV,T14,Pheophytin a
1.92108312496188,RCAR,AV,T21,Pheophytin a
1.46054929353866,RCAR,AV,T21,Pheophytin a
0.876573571306825,RCAR,AV,T21,Pheophytin a
0,RGA,AM,T07,Pheophytin a
0,RGA,AM,T07,Pheophytin a
0,RGA,AM,T07,Pheophytin a
0,RGA,AM,T14,Pheophytin a
0,RGA,AM,T14,Pheophytin a
0,RGA,AM,T14,Pheophytin a
0,RGA,AM,T21,Pheophytin a
0,RGA,AM,T21,Pheophytin a
0,RGA,AV,T07,Pheophytin a
0,RGA,AV,T07,Pheophytin a
0,RGA,AV,T07,Pheophytin a
0,RGA,AV,T14,Pheophytin a
0.953743443013829,RGA,AV,T14,Pheophytin a
0,RGA,AV,T14,Pheophytin a
1.55482306113564,RGA,AV,T21,Pheophytin a
0.596896140071628,RGA,AV,T21,Pheophytin a
1.02294315358761,RGA,AV,T21,Pheophytin a
1.5343306482547,RMO,AM,T07,Pheophytin a
2.35380654652446,RMO,AM,T07,Pheophytin a
1.89917839891004,RMO,AM,T07,Pheophytin a
6.42306791084892,RMO,AM,T14,Pheophytin a
6.43797444028058,RMO,AM,T14,Pheophytin a
3.83977900552486,RMO,AM,T21,Pheophytin a
4.69217283695988,RMO,AM,T21,Pheophytin a
3.80731132836447,RMO,AM,T21,Pheophytin a
1.91362813550556,RMO,AV,T07,Pheophytin a
3.6651926218079,RMO,AV,T07,Pheophytin a
2.9544301530932,RMO,AV,T07,Pheophytin a
1.76510067114094,RMO,AV,T14,Pheophytin a
1.06162967048118,RMO,AV,T14,Pheophytin a
9.49152542372881,RMO,AV,T14,Pheophytin a
1.11258278145695,RMO,AV,T21,Pheophytin a
1.48349352277476,RMO,AV,T21,Pheophytin a
3.22335987864998,RMO,AV,T21,Pheophytin a
4.38799076212471,RPE,AM,T07,Pheophytin a
0,RPE,AM,T07,Pheophytin a
0,RPE,AM,T07,Pheophytin a
0,RPE,AM,T14,Pheophytin a
0,RPE,AM,T14,Pheophytin a
0,RPE,AM,T14,Pheophytin a
2.4980881978078,RPE,AM,T21,Pheophytin a
0,RPE,AM,T21,Pheophytin a
0,RPE,AM,T21,Pheophytin a
1.13604961773466,RPE,AV,T07,Pheophytin a
0,RPE,AV,T07,Pheophytin a
0,RPE,AV,T07,Pheophytin a
1.7457886676876,RPE,AV,T14,Pheophytin a
4.25294679834342,RPE,AV,T14,Pheophytin a
4.56934896886373,RPE,AV,T14,Pheophytin a
0.983020554066131,GRG,AM,T07,Violaxanthin
0,GRG,AM,T07,Violaxanthin
0.859652401420295,GRG,AM,T07,Violaxanthin
0,GRG,AM,T14,Violaxanthin
0.388127853881279,GRG,AM,T14,Violaxanthin
0.923645320197044,GRG,AM,T14,Violaxanthin
0,GRG,AM,T21,Violaxanthin
0.390037593984962,GRG,AM,T21,Violaxanthin
0.835247442054709,GRG,AM,T21,Violaxanthin
0.334565944708575,GRG,AV,T07,Violaxanthin
1.46485805525445,GRG,AV,T07,Violaxanthin
1.29140344141566,GRG,AV,T07,Violaxanthin
0.534598298320909,GRG,AV,T14,Violaxanthin
0.37732000815827,GRG,AV,T14,Violaxanthin
0.631931906112974,GRG,AV,T14,Violaxanthin
0.828764503378809,GRG,AV,T21,Violaxanthin
0.436681222707424,GRG,AV,T21,Violaxanthin
1.84750586707944,GRG,AV,T21,Violaxanthin
0,RCA,AM,T07,Violaxanthin
0,RCA,AM,T07,Violaxanthin
0,RCA,AM,T07,Violaxanthin
0,RCA,AM,T14,Violaxanthin
0.276568918534185,RCA,AM,T14,Violaxanthin
0.395079464846907,RCA,AM,T14,Violaxanthin
0.378338278931751,RCA,AM,T21,Violaxanthin
1.15036976170912,RCA,AM,T21,Violaxanthin
1.35709762055551,RCA,AM,T21,Violaxanthin
0.865222980322357,RCA,AM,T21,Violaxanthin
0.797252545075432,RCA,AV,T07,Violaxanthin
1.50674611327991,RCA,AV,T07,Violaxanthin
1.66021029330382,RCA,AV,T07,Violaxanthin
0.530874545962559,RCA,AV,T14,Violaxanthin
1.15947790366395,RCA,AV,T14,Violaxanthin
0.978856695379796,RCA,AV,T14,Violaxanthin
0.610471941770369,RCA,AV,T21,Violaxanthin
1.21619688081271,RCA,AV,T21,Violaxanthin
1.41896477265717,RCA,AV,T21,Violaxanthin
2.07849370338672,RCAR,AM,T07,Violaxanthin
2.19979296066253,RCAR,AM,T07,Violaxanthin
2.29797012638836,RCAR,AM,T07,Violaxanthin
1.68032786885246,RCAR,AM,T14,Violaxanthin
1.66368057332992,RCAR,AM,T14,Violaxanthin
1.57557318265783,RCAR,AM,T14,Violaxanthin
0.603202456679096,RCAR,AM,T21,Violaxanthin
2.50563768479078,RCAR,AM,T21,Violaxanthin
2.48616569091347,RCAR,AM,T21,Violaxanthin
1.34058828168126,RCAR,AV,T07,Violaxanthin
1.64105624347307,RCAR,AV,T07,Violaxanthin
3.29794908791096,RCAR,AV,T07,Violaxanthin
1.83324280282455,RCAR,AV,T14,Violaxanthin
1.41354372123603,RCAR,AV,T14,Violaxanthin
1.12586428440311,RCAR,AV,T14,Violaxanthin
0.73184119046167,RCAR,AV,T21,Violaxanthin
0.825527861565328,RCAR,AV,T21,Violaxanthin
1.1444154958728,RCAR,AV,T21,Violaxanthin
0,RGA,AM,T07,Violaxanthin
0,RGA,AM,T07,Violaxanthin
0,RGA,AM,T07,Violaxanthin
0,RGA,AM,T14,Violaxanthin
1.62136385312351,RGA,AM,T14,Violaxanthin
0,RGA,AM,T14,Violaxanthin
0,RGA,AM,T21,Violaxanthin
0,RGA,AM,T21,Violaxanthin
1.96285671146006,RGA,AV,T07,Violaxanthin
3.31379046647974,RGA,AV,T07,Violaxanthin
2.19827586206897,RGA,AV,T07,Violaxanthin
2.34563642635392,RGA,AV,T14,Violaxanthin
2.32474964234621,RGA,AV,T14,Violaxanthin
2.65562407165684,RGA,AV,T14,Violaxanthin
3.60718950183469,RGA,AV,T21,Violaxanthin
3.85992837246319,RGA,AV,T21,Violaxanthin
3.50723366944323,RGA,AV,T21,Violaxanthin
1.97271083347033,RMO,AM,T07,Violaxanthin
2.0595807282089,RMO,AM,T07,Violaxanthin
2.18818380743982,RMO,AM,T07,Violaxanthin
1.57820016264421,RMO,AM,T14,Violaxanthin
0.922456039204382,RMO,AM,T14,Violaxanthin
0.897790055248619,RMO,AM,T21,Violaxanthin
1.72733835206765,RMO,AM,T21,Violaxanthin
1.96818636466299,RMO,AM,T21,Violaxanthin
2.27566589087148,RMO,AV,T07,Violaxanthin
2.50986016493367,RMO,AV,T07,Violaxanthin
2.38741830552986,RMO,AV,T07,Violaxanthin
1.6510067114094,RMO,AV,T14,Violaxanthin
2.04053495105474,RMO,AV,T14,Violaxanthin
1.12125162972621,RMO,AV,T14,Violaxanthin
0.874172185430463,RMO,AV,T21,Violaxanthin
1.06560802340159,RMO,AV,T21,Violaxanthin
1.65908229048161,RMO,AV,T21,Violaxanthin
0,RPE,AM,T07,Violaxanthin
0,RPE,AM,T07,Violaxanthin
0,RPE,AM,T07,Violaxanthin
0,RPE,AM,T14,Violaxanthin
0,RPE,AM,T14,Violaxanthin
0,RPE,AM,T14,Violaxanthin
1.88631149630385,RPE,AM,T21,Violaxanthin
1.65857605177994,RPE,AM,T21,Violaxanthin
1.48331273176761,RPE,AM,T21,Violaxanthin
2.73265989130769,RPE,AV,T07,Violaxanthin
2.65087422447829,RPE,AV,T07,Violaxanthin
2.53258845437616,RPE,AV,T07,Violaxanthin
2.41960183767228,RPE,AV,T14,Violaxanthin
3.26537113730487,RPE,AV,T14,Violaxanthin
5.31742822482815,RPE,AV,T14,Violaxanthin
0.64343163538874,GRG,AM,T07,Zeaxanthin
0,GRG,AM,T07,Zeaxanthin
0.691459540272846,GRG,AM,T07,Zeaxanthin
0,GRG,AM,T14,Zeaxanthin
0,GRG,AM,T14,Zeaxanthin
0,GRG,AM,T14,Zeaxanthin
0,GRG,AM,T21,Zeaxanthin
0.155075187969925,GRG,AM,T21,Zeaxanthin
0,GRG,AM,T21,Zeaxanthin
0.287609320889828,GRG,AV,T07,Zeaxanthin
0.18457211496206,GRG,AV,T07,Zeaxanthin
0.212907053855014,GRG,AV,T07,Zeaxanthin
0,GRG,AV,T14,Zeaxanthin
0.968794615541505,GRG,AV,T14,Zeaxanthin
1.01882899148826,GRG,AV,T14,Zeaxanthin
2.29504016320286,GRG,AV,T21,Zeaxanthin
2.02928332905215,GRG,AV,T21,Zeaxanthin
0.873820342537574,GRG,AV,T21,Zeaxanthin
0,RCA,AM,T07,Zeaxanthin
0,RCA,AM,T07,Zeaxanthin
0,RCA,AM,T07,Zeaxanthin
0,RCA,AM,T14,Zeaxanthin
0.333509578232399,RCA,AM,T14,Zeaxanthin
0.215497889916495,RCA,AM,T14,Zeaxanthin
0,RCA,AM,T21,Zeaxanthin
0.419063270336894,RCA,AM,T21,Zeaxanthin
0.361892698814801,RCA,AM,T21,Zeaxanthin
0.126075348561258,RCA,AM,T21,Zeaxanthin
0.423157120078499,RCA,AV,T07,Zeaxanthin
0.753373056639956,RCA,AV,T07,Zeaxanthin
0.453790813503044,RCA,AV,T07,Zeaxanthin
1.00586756077117,RCA,AV,T14,Zeaxanthin
1.15947790366395,RCA,AV,T14,Zeaxanthin
1.56617071260767,RCA,AV,T14,Zeaxanthin
3.61587227048603,RCA,AV,T21,Zeaxanthin
0.186006581771355,RCA,AV,T21,Zeaxanthin
0.863717687704362,RCA,AV,T21,Zeaxanthin
0,RCAR,AM,T07,Zeaxanthin
0,RCAR,AM,T07,Zeaxanthin
0,RCAR,AM,T07,Zeaxanthin
0,RCAR,AM,T14,Zeaxanthin
0,RCAR,AM,T14,Zeaxanthin
0.293382592632837,RCAR,AM,T14,Zeaxanthin
0,RCAR,AM,T21,Zeaxanthin
0,RCAR,AM,T21,Zeaxanthin
0,RCAR,AM,T21,Zeaxanthin
0.323318350287832,RCAR,AV,T07,Zeaxanthin
0.760853349246606,RCAR,AV,T07,Zeaxanthin
0.731732453880243,RCAR,AV,T07,Zeaxanthin
0.339489407930473,RCAR,AV,T14,Zeaxanthin
0.542406311637081,RCAR,AV,T14,Zeaxanthin
0.434436761916417,RCAR,AV,T14,Zeaxanthin
0.164664267853876,RCAR,AV,T21,Zeaxanthin
0.161930465153199,RCAR,AV,T21,Zeaxanthin
0.160705154739585,RCAR,AV,T21,Zeaxanthin
0,RGA,AM,T07,Zeaxanthin
0,RGA,AM,T07,Zeaxanthin
0,RGA,AM,T07,Zeaxanthin
0,RGA,AM,T14,Zeaxanthin
0,RGA,AM,T14,Zeaxanthin
0,RGA,AM,T14,Zeaxanthin
0,RGA,AM,T21,Zeaxanthin
0,RGA,AM,T21,Zeaxanthin
0,RGA,AV,T07,Zeaxanthin
0,RGA,AV,T07,Zeaxanthin
0,RGA,AV,T07,Zeaxanthin
0.482925146602277,RGA,AV,T14,Zeaxanthin
0.286123032904149,RGA,AV,T14,Zeaxanthin
0.319575100148535,RGA,AV,T14,Zeaxanthin
0.684122146899683,RGA,AV,T21,Zeaxanthin
0.477516912057302,RGA,AV,T21,Zeaxanthin
0.949875785474207,RGA,AV,T21,Zeaxanthin
0.602772754671489,RMO,AM,T07,Zeaxanthin
0.919455682236116,RMO,AM,T07,Zeaxanthin
0.743156764790884,RMO,AM,T07,Zeaxanthin
0.509986078758391,RMO,AM,T14,Zeaxanthin
0.480445853752282,RMO,AM,T14,Zeaxanthin
1.67127071823204,RMO,AM,T21,Zeaxanthin
1.46952665772919,RMO,AM,T21,Zeaxanthin
1.54873681153809,RMO,AM,T21,Zeaxanthin
0.724075510731833,RMO,AV,T07,Zeaxanthin
1.27484960758536,RMO,AV,T07,Zeaxanthin
0.92512459339282,RMO,AV,T07,Zeaxanthin
0.503355704697987,RMO,AV,T14,Zeaxanthin
0,RMO,AV,T14,Zeaxanthin
1.09517601043025,RMO,AV,T14,Zeaxanthin
0,RMO,AV,T21,Zeaxanthin
0,RMO,AV,T21,Zeaxanthin
0.364998103905954,RMO,AV,T21,Zeaxanthin
0,RPE,AM,T07,Zeaxanthin
1.65289256198347,RPE,AM,T07,Zeaxanthin
0,RPE,AM,T07,Zeaxanthin
0,RPE,AM,T14,Zeaxanthin
0,RPE,AM,T14,Zeaxanthin
0,RPE,AM,T14,Zeaxanthin
1.07060922763191,RPE,AM,T21,Zeaxanthin
1.25404530744337,RPE,AM,T21,Zeaxanthin
1.65636588380717,RPE,AM,T21,Zeaxanthin
0.829009180509073,RPE,AV,T07,Zeaxanthin
0,RPE,AV,T07,Zeaxanthin
0,RPE,AV,T07,Zeaxanthin
0.796324655436447,RPE,AV,T14,Zeaxanthin
2.42115323351386,RPE,AV,T14,Zeaxanthin
1.59725030327537,RPE,AV,T14,Zeaxanthin
